[16:47:38] 탭로그 ON — 브라우저 열기·생성 · 씬 116개 · reopen=True
[16:47:44] ChromeDebug 재시작 port=9242 user_data=C:\ChromeDebug_2_5
[16:47:47] 모델 이미 Pro: Nano Banana Pro
[16:47:47] 세션 준비 — login=OK model=Nano Banana Pro auto=True
[16:47:47] ensure_page cur_sc=10 prefer_sc=10 cur=https://www.genspark.ai/ai_image prefer=https://www.genspark.ai/ai_image
[16:47:49] fill OK(clip) follow=False chars=71881
[16:47:50] 입력창 붙여넣기 — 프롬프트 45379자 + SRT 26459자 = 합계 71881자
  prompt=C:/cursor/videt/2_5_sceneImage/md/image.검신회귀록.txt
  srt=C:\cursor\videt\무협극장\검신귀환록\1부\10장\mp3\new.srt
[16:47:51] ensure_page cur_sc=10 prefer_sc=10 cur=https://www.genspark.ai/ai_image prefer=https://www.genspark.ai/ai_image
[16:47:52] 동일 입력창에 명령 추가(미실행): ===== SRT [0, 15) =====
세 사람이 화산에 돌아온 것은 늦가
을이었다. 성유의 임무 보고서는 이러했다.
청해 서남의 그 마을에서 새벽에 마교
소녀를 사로잡으려 했으나, 소녀 옆에 지파의 무인
다섯이 함께 있었다. 소녀의 이름을 확인하지

SRT_000 이미지를 지금 실제로 생성. 이전 SRT 무시. 이미…
[16:47:53] run_scene 시작 SRT_000 · seen_files=0 · last_saved=
[16:47:53] ensure_page cur_sc=10 prefer_sc=10 cur=https://www.genspark.ai/ai_image prefer=https://www.genspark.ai/ai_image
[16:47:53] 모델 선택 시작 현재=(없음)
[16:47:53] 모델 선택 결과 ok=False 칩=(없음) picked=
[16:47:53] ⏱ 준비 SRT_000 0.2s · chars=330
[16:47:53] submit 시작 composer=72219 url=https://www.genspark.ai/ai_image
[16:47:53] submit geo=corner-live x=1082 y=478
[16:47:53] submit 시도 method=geo geo=True
[16:47:54] submit 미확인 method=geo generating=False composer=72219
[16:47:54] submit geo=corner-live x=1082 y=478
[16:47:54] submit 시도 method=send send=True
[16:47:55] submit 미확인 method=send generating=False composer=72219
[16:47:55] submit 시도 method=ctrl
[16:47:56] submit 미확인 method=ctrl generating=False composer=72219
[16:47:57] submit 시도 method=enter
[16:47:58] submit 확인 method=enter generating=False composer=0
[16:47:58] ⏱ 입력창전송 SRT_000 4.9s
[16:47:58] 제출 후 last_saved=https://www.genspark.ai/api/files/s/hrxn7tot
[16:47:58] ⏱ 생성대기 시작 SRT_000 max=120s
[16:48:13] ⏱ 생성대기 진행 15.1s SRT_000 busy=False url_ok=False
[16:48:19] ⏱ 생성대기 완료(busy무시) 20.8s SRT_000 https://www.genspark.ai/api/files/s/jxgpjwdq
[16:48:19] ⏱ 생성대기구간 SRT_000 20.8s · ok=True
[16:48:19] SRT_000 근접 이미지 https://www.genspark.ai/api/files/s/jxgpjwdq
[16:48:19] 다운로드 files URL=https://www.genspark.ai/api/files/s/jxgpjwdq → SRT_000.png
[16:48:19] ⏱ 다운로드 직접실패 0.3s · 페이지 fetch 재시도: HTTP Error 403: Forbidden
[16:48:19] ⏱ 다운로드 fetch 0.1s size=871541 SRT_000.png
[16:48:19] ⏱ 다운로드구간 SRT_000 0.5s · SRT_000.png
[16:48:22] ⏱ 다운로드후유휴 SRT_000 3.0s · idle=True
[16:48:22] ⏱ 씬합계 SRT_000 29.6s · https://www.genspark.ai/api/files/s/jxgpjwdq
[16:48:22] SRT_000 생성·다운로드 완료
C:\cursor\videt\무협극장\검신귀환록\1부\10장\png\SRT_000.png
[16:48:22] run_scene 시작 SRT_015 · seen_files=1 · last_saved=https://www.genspark.ai/api/files/s/jxgpjwdq
[16:48:22] ⏱ 준비 SRT_015 0.0s · chars=334
[16:48:24] ⏱ 다음명령유휴 SRT_015 1.5s · idle=True
[16:48:25] fill OK follow=True chars=334 url=https://www.genspark.ai/agents?id=13314ebe-83fb-4b93-b12d-38f02721c8ca
[16:48:25] submit 시작 composer=334 url=https://www.genspark.ai/agents?id=13314ebe-83fb-4b93-b12d-38f02721c8ca
[16:48:25] submit geo=corner-live x=546 y=812
[16:48:25] submit 시도 method=geo geo=True
[16:48:26] submit 미확인 method=geo generating=False composer=334
[16:48:26] submit geo=corner-live x=546 y=812
[16:48:26] submit 시도 method=send send=True
[16:48:27] submit 미확인 method=send generating=False composer=334
[16:48:27] submit 시도 method=ctrl
[16:48:28] submit 미확인 method=ctrl generating=False composer=334
[16:48:28] submit 시도 method=enter
[16:48:28] submit 확인 method=enter generating=False composer=0
[16:48:28] ⏱ 입력·전송 SRT_015 4.4s · chars=334
[16:48:28] 제출 후 last_saved=https://www.genspark.ai/api/files/s/jxgpjwdq
[16:48:28] ⏱ 생성대기 시작 SRT_015 max=120s
[16:48:38] ⏱ 생성대기 완료 9.4s SRT_015 https://www.genspark.ai/api/files/s/z07p6ar7
[16:48:38] ⏱ 생성대기구간 SRT_015 9.4s · ok=True
[16:48:38] 폴백: 미수신 api/files https://www.genspark.ai/api/files/s/z07p6ar7
[16:48:38] 다운로드 files URL=https://www.genspark.ai/api/files/s/z07p6ar7 → SRT_015.png
[16:48:38] ⏱ 다운로드 직접실패 0.3s · 페이지 fetch 재시도: HTTP Error 403: Forbidden
[16:48:38] ⏱ 다운로드 fetch 0.0s size=599018 SRT_015.png
[16:48:38] ⏱ 다운로드구간 SRT_015 0.3s · SRT_015.png
[16:48:42] ⏱ 다운로드후유휴 SRT_015 3.5s · idle=True
[16:48:42] ⏱ 씬합계 SRT_015 19.4s · https://www.genspark.ai/api/files/s/z07p6ar7
[16:48:42] SRT_015 생성·다운로드 완료
C:\cursor\videt\무협극장\검신귀환록\1부\10장\png\SRT_015.png
[16:48:42] run_scene 시작 SRT_030 · seen_files=2 · last_saved=https://www.genspark.ai/api/files/s/z07p6ar7
[16:48:42] ⏱ 준비 SRT_030 0.0s · chars=331
[16:48:43] ⏱ 다음명령유휴 SRT_030 1.3s · idle=True
[16:48:44] fill OK follow=True chars=331 url=https://www.genspark.ai/agents?id=13314ebe-83fb-4b93-b12d-38f02721c8ca
[16:48:44] submit 시작 composer=331 url=https://www.genspark.ai/agents?id=13314ebe-83fb-4b93-b12d-38f02721c8ca
[16:48:44] submit geo=corner-live x=546 y=812
[16:48:44] submit 시도 method=geo geo=True
[16:48:45] submit 미확인 method=geo generating=False composer=331
[16:48:45] submit geo=corner-live x=546 y=812
[16:48:45] submit 시도 method=send send=True
[16:48:46] submit 미확인 method=send generating=False composer=331
[16:48:46] submit 시도 method=ctrl
[16:48:47] submit 미확인 method=ctrl generating=False composer=331
[16:48:47] submit 시도 method=enter
[16:48:47] submit 확인 method=enter generating=False composer=0
[16:48:47] ⏱ 입력·전송 SRT_030 3.9s · chars=331
[16:48:47] 제출 후 last_saved=https://www.genspark.ai/api/files/s/z07p6ar7
[16:48:47] ⏱ 생성대기 시작 SRT_030 max=120s
[16:49:00] ⏱ 생성대기 완료(busy무시) 12.9s SRT_030 https://www.genspark.ai/api/files/s/bats60xp
[16:49:00] ⏱ 생성대기구간 SRT_030 12.9s · ok=True
[16:49:00] SRT_030 근접 이미지 https://www.genspark.ai/api/files/s/bats60xp
[16:49:00] 다운로드 files URL=https://www.genspark.ai/api/files/s/bats60xp → SRT_030.png
[16:49:01] ⏱ 다운로드 직접실패 0.3s · 페이지 fetch 재시도: HTTP Error 403: Forbidden
[16:49:01] ⏱ 다운로드 fetch 0.0s size=534714 SRT_030.png
[16:49:01] ⏱ 다운로드구간 SRT_030 0.3s · SRT_030.png
[16:49:03] ⏱ 다운로드후유휴 SRT_030 1.8s · idle=True
[16:49:03] ⏱ 씬합계 SRT_030 20.6s · https://www.genspark.ai/api/files/s/bats60xp
[16:49:03] SRT_030 생성·다운로드 완료
C:\cursor\videt\무협극장\검신귀환록\1부\10장\png\SRT_030.png
[16:49:03] run_scene 시작 SRT_045 · seen_files=3 · last_saved=https://www.genspark.ai/api/files/s/bats60xp
[16:49:03] ⏱ 준비 SRT_045 0.0s · chars=340
[16:49:04] ⏱ 다음명령유휴 SRT_045 1.3s · idle=True
[16:49:05] fill OK follow=True chars=340 url=https://www.genspark.ai/agents?id=13314ebe-83fb-4b93-b12d-38f02721c8ca
[16:49:05] submit 시작 composer=340 url=https://www.genspark.ai/agents?id=13314ebe-83fb-4b93-b12d-38f02721c8ca
[16:49:05] submit geo=corner-live x=546 y=812
[16:49:05] submit 시도 method=geo geo=True
[16:49:06] submit 미확인 method=geo generating=False composer=340
[16:49:06] submit geo=corner-live x=546 y=812
[16:49:06] submit 시도 method=send send=True
[16:49:07] submit 미확인 method=send generating=False composer=340
[16:49:07] submit 시도 method=ctrl
[16:49:07] submit 미확인 method=ctrl generating=False composer=340
[16:49:07] submit 시도 method=enter
[16:49:08] submit 확인 method=enter generating=False composer=0
[16:49:08] ⏱ 입력·전송 SRT_045 3.9s · chars=340
[16:49:08] 제출 후 last_saved=https://www.genspark.ai/api/files/s/bats60xp
[16:49:08] ⏱ 생성대기 시작 SRT_045 max=120s
[16:49:21] ⏱ 생성대기 완료 12.8s SRT_045 https://www.genspark.ai/api/files/s/cvicy0vk
[16:49:21] ⏱ 생성대기구간 SRT_045 12.8s · ok=True
[16:49:21] SRT_045 근접 이미지 https://www.genspark.ai/api/files/s/cvicy0vk
[16:49:21] 다운로드 files URL=https://www.genspark.ai/api/files/s/cvicy0vk → SRT_045.png
[16:49:21] ⏱ 다운로드 직접실패 0.3s · 페이지 fetch 재시도: HTTP Error 403: Forbidden
[16:49:21] ⏱ 다운로드 fetch 0.1s size=548179 SRT_045.png
[16:49:21] ⏱ 다운로드구간 SRT_045 0.4s · SRT_045.png
[16:49:27] ⏱ 다운로드후유휴 SRT_045 6.0s · idle=True
[16:49:27] ⏱ 씬합계 SRT_045 24.6s · https://www.genspark.ai/api/files/s/cvicy0vk
[16:49:27] SRT_045 생성·다운로드 완료
C:\cursor\videt\무협극장\검신귀환록\1부\10장\png\SRT_045.png
[16:49:27] run_scene 시작 SRT_060 · seen_files=4 · last_saved=https://www.genspark.ai/api/files/s/cvicy0vk
[16:49:27] ⏱ 준비 SRT_060 0.0s · chars=337
[16:49:29] ⏱ 다음명령유휴 SRT_060 1.2s · idle=True
[16:49:29] fill OK follow=True chars=337 url=https://www.genspark.ai/agents?id=13314ebe-83fb-4b93-b12d-38f02721c8ca
[16:49:29] submit 시작 composer=337 url=https://www.genspark.ai/agents?id=13314ebe-83fb-4b93-b12d-38f02721c8ca
[16:49:30] submit geo=corner-live x=546 y=812
[16:49:30] submit 시도 method=geo geo=True
[16:49:30] submit 미확인 method=geo generating=False composer=337
[16:49:31] submit geo=corner-live x=546 y=812
[16:49:31] submit 시도 method=send send=True
[16:49:31] submit 미확인 method=send generating=False composer=337
[16:49:31] submit 시도 method=ctrl
[16:49:32] submit 미확인 method=ctrl generating=False composer=337
[16:49:32] submit 시도 method=enter
[16:49:33] submit 확인 method=enter generating=False composer=0
[16:49:33] ⏱ 입력·전송 SRT_060 3.8s · chars=337
[16:49:33] 제출 후 last_saved=https://www.genspark.ai/api/files/s/cvicy0vk
[16:49:33] ⏱ 생성대기 시작 SRT_060 max=120s
[16:49:46] ⏱ 생성대기 완료 13.7s SRT_060 https://www.genspark.ai/api/files/s/gd0nmfdu
[16:49:46] ⏱ 생성대기구간 SRT_060 13.7s · ok=True
[16:49:46] 폴백: 미수신 api/files https://www.genspark.ai/api/files/s/gd0nmfdu
[16:49:46] 다운로드 files URL=https://www.genspark.ai/api/files/s/gd0nmfdu → SRT_060.png
[16:49:47] ⏱ 다운로드 직접실패 0.3s · 페이지 fetch 재시도: HTTP Error 403: Forbidden
[16:49:47] ⏱ 다운로드 fetch 0.1s size=650976 SRT_060.png
[16:49:47] ⏱ 다운로드구간 SRT_060 0.4s · SRT_060.png
[16:49:49] ⏱ 다운로드후유휴 SRT_060 2.4s · idle=True
[16:49:49] ⏱ 씬합계 SRT_060 21.7s · https://www.genspark.ai/api/files/s/gd0nmfdu
[16:49:49] SRT_060 생성·다운로드 완료
C:\cursor\videt\무협극장\검신귀환록\1부\10장\png\SRT_060.png
[16:49:49] run_scene 시작 SRT_075 · seen_files=5 · last_saved=https://www.genspark.ai/api/files/s/gd0nmfdu
[16:49:49] ⏱ 준비 SRT_075 0.0s · chars=331
[16:49:51] ⏱ 다음명령유휴 SRT_075 1.3s · idle=True
[16:49:51] fill OK follow=True chars=331 url=https://www.genspark.ai/agents?id=13314ebe-83fb-4b93-b12d-38f02721c8ca
[16:49:51] submit 시작 composer=331 url=https://www.genspark.ai/agents?id=13314ebe-83fb-4b93-b12d-38f02721c8ca
[16:49:52] submit geo=corner-live x=546 y=812
[16:49:52] submit 시도 method=geo geo=True
[16:49:52] submit 미확인 method=geo generating=False composer=331
[16:49:53] submit geo=corner-live x=546 y=812
[16:49:53] submit 시도 method=send send=True
[16:49:53] submit 미확인 method=send generating=False composer=331
[16:49:53] submit 시도 method=ctrl
[16:49:54] submit 미확인 method=ctrl generating=False composer=331
[16:49:54] submit 시도 method=enter
[16:49:55] submit 확인 method=enter generating=False composer=0
[16:49:55] ⏱ 입력·전송 SRT_075 3.9s · chars=331
[16:49:55] 제출 후 last_saved=https://www.genspark.ai/api/files/s/gd0nmfdu
[16:49:55] ⏱ 생성대기 시작 SRT_075 max=120s
[16:50:10] ⏱ 생성대기 진행 15.3s SRT_075 busy=True url_ok=True
[16:50:10] ⏱ 생성대기 완료(busy무시) 15.3s SRT_075 https://www.genspark.ai/api/files/s/zhvvbwtf
[16:50:10] ⏱ 생성대기구간 SRT_075 15.3s · ok=True
[16:50:10] SRT_075 근접 이미지 https://www.genspark.ai/api/files/s/zhvvbwtf
[16:50:10] 다운로드 files URL=https://www.genspark.ai/api/files/s/zhvvbwtf → SRT_075.png
[16:50:10] ⏱ 다운로드 직접실패 0.3s · 페이지 fetch 재시도: HTTP Error 403: Forbidden
[16:50:10] ⏱ 다운로드 fetch 0.0s size=566897 SRT_075.png
[16:50:10] ⏱ 다운로드구간 SRT_075 0.3s · SRT_075.png
[16:50:13] ⏱ 다운로드후유휴 SRT_075 2.4s · idle=True
[16:50:13] ⏱ 씬합계 SRT_075 23.5s · https://www.genspark.ai/api/files/s/zhvvbwtf
[16:50:13] SRT_075 생성·다운로드 완료
C:\cursor\videt\무협극장\검신귀환록\1부\10장\png\SRT_075.png
[16:50:13] run_scene 시작 SRT_090 · seen_files=6 · last_saved=https://www.genspark.ai/api/files/s/zhvvbwtf
[16:50:13] ⏱ 준비 SRT_090 0.0s · chars=326
[16:50:14] ⏱ 다음명령유휴 SRT_090 1.2s · idle=True
[16:50:15] fill OK follow=True chars=326 url=https://www.genspark.ai/agents?id=13314ebe-83fb-4b93-b12d-38f02721c8ca
[16:50:15] submit 시작 composer=326 url=https://www.genspark.ai/agents?id=13314ebe-83fb-4b93-b12d-38f02721c8ca
[16:50:15] submit geo=corner-live x=546 y=812
[16:50:15] submit 시도 method=geo geo=True
[16:50:16] submit 미확인 method=geo generating=False composer=326
[16:50:16] submit geo=corner-live x=546 y=812
[16:50:16] submit 시도 method=send send=True
[16:50:17] submit 미확인 method=send generating=False composer=326
[16:50:17] submit 시도 method=ctrl
[16:50:17] submit 미확인 method=ctrl generating=False composer=326
[16:50:17] submit 시도 method=enter
[16:50:18] submit 확인 method=enter generating=False composer=0
[16:50:18] ⏱ 입력·전송 SRT_090 3.8s · chars=326
[16:50:18] 제출 후 last_saved=https://www.genspark.ai/api/files/s/zhvvbwtf
[16:50:18] ⏱ 생성대기 시작 SRT_090 max=120s
[16:50:31] ⏱ 생성대기 완료 12.6s SRT_090 https://www.genspark.ai/api/files/s/7698dg4y
[16:50:31] ⏱ 생성대기구간 SRT_090 12.6s · ok=True
[16:50:31] 폴백: 미수신 api/files https://www.genspark.ai/api/files/s/7698dg4y
[16:50:31] 다운로드 files URL=https://www.genspark.ai/api/files/s/7698dg4y → SRT_090.png
[16:50:31] ⏱ 다운로드 직접실패 0.3s · 페이지 fetch 재시도: HTTP Error 403: Forbidden
[16:50:31] ⏱ 다운로드 fetch 0.1s size=647713 SRT_090.png
[16:50:31] ⏱ 다운로드구간 SRT_090 0.3s · SRT_090.png
[16:50:33] ⏱ 다운로드후유휴 SRT_090 1.9s · idle=True
[16:50:33] ⏱ 씬합계 SRT_090 20.1s · https://www.genspark.ai/api/files/s/7698dg4y
[16:50:33] SRT_090 생성·다운로드 완료
C:\cursor\videt\무협극장\검신귀환록\1부\10장\png\SRT_090.png
[16:50:33] run_scene 시작 SRT_105 · seen_files=7 · last_saved=https://www.genspark.ai/api/files/s/7698dg4y
[16:50:33] ⏱ 준비 SRT_105 0.0s · chars=334
[16:50:34] ⏱ 다음명령유휴 SRT_105 1.2s · idle=True
[16:50:35] fill OK follow=True chars=334 url=https://www.genspark.ai/agents?id=13314ebe-83fb-4b93-b12d-38f02721c8ca
[16:50:35] submit 시작 composer=334 url=https://www.genspark.ai/agents?id=13314ebe-83fb-4b93-b12d-38f02721c8ca
[16:50:36] submit geo=corner-live x=546 y=812
[16:50:36] submit 시도 method=geo geo=True
[16:50:36] submit 미확인 method=geo generating=False composer=334
[16:50:37] submit geo=corner-live x=546 y=812
[16:50:37] submit 시도 method=send send=True
[16:50:37] submit 미확인 method=send generating=False composer=334
[16:50:37] submit 시도 method=ctrl
[16:50:38] submit 미확인 method=ctrl generating=False composer=334
[16:50:38] submit 시도 method=enter
[16:50:38] submit 확인 method=enter generating=False composer=0
[16:50:38] ⏱ 입력·전송 SRT_105 3.9s · chars=334
[16:50:38] 제출 후 last_saved=https://www.genspark.ai/api/files/s/7698dg4y
[16:50:39] ⏱ 생성대기 시작 SRT_105 max=120s
[16:50:51] ⏱ 생성대기 완료 12.1s SRT_105 https://www.genspark.ai/api/files/s/ja9uwb1o
[16:50:51] ⏱ 생성대기구간 SRT_105 12.1s · ok=True
[16:50:51] SRT_105 근접 이미지 https://www.genspark.ai/api/files/s/ja9uwb1o
[16:50:51] 다운로드 files URL=https://www.genspark.ai/api/files/s/ja9uwb1o → SRT_105.png
[16:50:51] ⏱ 다운로드 직접실패 0.3s · 페이지 fetch 재시도: HTTP Error 403: Forbidden
[16:50:51] ⏱ 다운로드 fetch 0.1s size=537949 SRT_105.png
[16:50:51] ⏱ 다운로드구간 SRT_105 0.4s · SRT_105.png
[16:50:52] ⏱ 다운로드후유휴 SRT_105 1.2s · idle=True
[16:50:52] ⏱ 씬합계 SRT_105 19.1s · https://www.genspark.ai/api/files/s/ja9uwb1o
[16:50:52] SRT_105 생성·다운로드 완료
C:\cursor\videt\무협극장\검신귀환록\1부\10장\png\SRT_105.png
[16:50:52] run_scene 시작 SRT_120 · seen_files=8 · last_saved=https://www.genspark.ai/api/files/s/ja9uwb1o
[16:50:52] ⏱ 준비 SRT_120 0.0s · chars=359
[16:50:54] ⏱ 다음명령유휴 SRT_120 1.3s · idle=True
[16:50:54] fill OK follow=True chars=359 url=https://www.genspark.ai/agents?id=13314ebe-83fb-4b93-b12d-38f02721c8ca
[16:50:54] submit 시작 composer=359 url=https://www.genspark.ai/agents?id=13314ebe-83fb-4b93-b12d-38f02721c8ca
[16:50:55] submit geo=corner-live x=546 y=812
[16:50:55] submit 시도 method=geo geo=True
[16:50:55] submit 미확인 method=geo generating=False composer=359
[16:50:56] submit geo=corner-live x=546 y=812
[16:50:56] submit 시도 method=send send=True
[16:50:56] submit 미확인 method=send generating=False composer=359
[16:50:56] submit 시도 method=ctrl
[16:50:57] submit 미확인 method=ctrl generating=False composer=359
[16:50:57] submit 시도 method=enter
[16:50:58] submit 확인 method=enter generating=False composer=0
[16:50:58] ⏱ 입력·전송 SRT_120 3.9s · chars=359
[16:50:58] 제출 후 last_saved=https://www.genspark.ai/api/files/s/ja9uwb1o
[16:50:58] ⏱ 생성대기 시작 SRT_120 max=120s
[16:51:12] ⏱ 생성대기 완료 14.0s SRT_120 https://www.genspark.ai/api/files/s/dnrzubg5
[16:51:12] ⏱ 생성대기구간 SRT_120 14.0s · ok=True
[16:51:12] SRT_120 근접 이미지 https://www.genspark.ai/api/files/s/dnrzubg5
[16:51:12] 다운로드 files URL=https://www.genspark.ai/api/files/s/dnrzubg5 → SRT_120.png
[16:51:12] ⏱ 다운로드 직접실패 0.3s · 페이지 fetch 재시도: HTTP Error 403: Forbidden
[16:51:12] ⏱ 다운로드 fetch 0.0s size=607027 SRT_120.png
[16:51:12] ⏱ 다운로드구간 SRT_120 0.3s · SRT_120.png
[16:51:13] ⏱ 다운로드후유휴 SRT_120 1.2s · idle=True
[16:51:13] ⏱ 씬합계 SRT_120 20.9s · https://www.genspark.ai/api/files/s/dnrzubg5
[16:51:13] SRT_120 생성·다운로드 완료
C:\cursor\videt\무협극장\검신귀환록\1부\10장\png\SRT_120.png
[16:51:14] run_scene 시작 SRT_135 · seen_files=9 · last_saved=https://www.genspark.ai/api/files/s/dnrzubg5
[16:51:14] ⏱ 준비 SRT_135 0.0s · chars=338
[16:51:15] ⏱ 다음명령유휴 SRT_135 1.3s · idle=True
[16:51:15] fill OK follow=True chars=338 url=https://www.genspark.ai/agents?id=13314ebe-83fb-4b93-b12d-38f02721c8ca
[16:51:15] submit 시작 composer=338 url=https://www.genspark.ai/agents?id=13314ebe-83fb-4b93-b12d-38f02721c8ca
[16:51:16] submit geo=corner-live x=546 y=812
[16:51:16] submit 시도 method=geo geo=True
[16:51:16] submit 미확인 method=geo generating=False composer=338
[16:51:17] submit geo=corner-live x=546 y=812
[16:51:17] submit 시도 method=send send=True
[16:51:18] submit 미확인 method=send generating=False composer=338
[16:51:18] submit 시도 method=ctrl
[16:51:18] submit 미확인 method=ctrl generating=False composer=338
[16:51:18] submit 시도 method=enter
[16:51:19] submit 확인 method=enter generating=False composer=0
[16:51:19] ⏱ 입력·전송 SRT_135 3.9s · chars=338
[16:51:19] 제출 후 last_saved=https://www.genspark.ai/api/files/s/dnrzubg5
[16:51:19] ⏱ 생성대기 시작 SRT_135 max=120s
[16:51:31] ⏱ 생성대기 완료 12.1s SRT_135 https://www.genspark.ai/api/files/s/gprvcxnn
[16:51:31] ⏱ 생성대기구간 SRT_135 12.1s · ok=True
[16:51:31] 폴백: 미수신 api/files https://www.genspark.ai/api/files/s/gprvcxnn
[16:51:31] 다운로드 files URL=https://www.genspark.ai/api/files/s/gprvcxnn → SRT_135.png
[16:51:31] ⏱ 다운로드 직접실패 0.3s · 페이지 fetch 재시도: HTTP Error 403: Forbidden
[16:51:32] ⏱ 다운로드 fetch 1.0s size=629388 SRT_135.png
[16:51:32] ⏱ 다운로드구간 SRT_135 1.3s · SRT_135.png
[16:51:34] ⏱ 다운로드후유휴 SRT_135 1.2s · idle=True
[16:51:34] ⏱ 씬합계 SRT_135 20.0s · https://www.genspark.ai/api/files/s/gprvcxnn
[16:51:34] SRT_135 생성·다운로드 완료
C:\cursor\videt\무협극장\검신귀환록\1부\10장\png\SRT_135.png
[16:51:34] run_scene 시작 SRT_150 · seen_files=10 · last_saved=https://www.genspark.ai/api/files/s/gprvcxnn
[16:51:34] ⏱ 준비 SRT_150 0.0s · chars=312
[16:51:35] ⏱ 다음명령유휴 SRT_150 1.4s · idle=True
[16:51:36] fill OK follow=True chars=312 url=https://www.genspark.ai/agents?id=13314ebe-83fb-4b93-b12d-38f02721c8ca
[16:51:36] submit 시작 composer=312 url=https://www.genspark.ai/agents?id=13314ebe-83fb-4b93-b12d-38f02721c8ca
[16:51:36] submit geo=corner-live x=546 y=812
[16:51:36] submit 시도 method=geo geo=True
[16:51:37] submit 미확인 method=geo generating=False composer=312
[16:51:37] submit geo=corner-live x=546 y=812
[16:51:37] submit 시도 method=send send=True
[16:51:38] submit 미확인 method=send generating=False composer=312
[16:51:38] submit 시도 method=ctrl
[16:51:38] submit 미확인 method=ctrl generating=False composer=312
[16:51:38] submit 시도 method=enter
[16:51:39] submit 확인 method=enter generating=False composer=0
[16:51:39] ⏱ 입력·전송 SRT_150 3.9s · chars=312
[16:51:39] 제출 후 last_saved=https://www.genspark.ai/api/files/s/gprvcxnn
[16:51:39] ⏱ 생성대기 시작 SRT_150 max=120s
[16:51:54] ⏱ 생성대기 완료 14.3s SRT_150 https://www.genspark.ai/api/files/s/jcxbhp0c
[16:51:54] ⏱ 생성대기구간 SRT_150 14.3s · ok=True
[16:51:54] SRT_150 근접 이미지 https://www.genspark.ai/api/files/s/jcxbhp0c
[16:51:54] 다운로드 files URL=https://www.genspark.ai/api/files/s/jcxbhp0c → SRT_150.png
[16:51:54] ⏱ 다운로드 직접실패 0.4s · 페이지 fetch 재시도: HTTP Error 403: Forbidden
[16:51:54] ⏱ 다운로드 fetch 0.1s size=627449 SRT_150.png
[16:51:54] ⏱ 다운로드구간 SRT_150 0.5s · SRT_150.png
[16:51:55] ⏱ 다운로드후유휴 SRT_150 1.3s · idle=True
[16:51:55] ⏱ 씬합계 SRT_150 21.7s · https://www.genspark.ai/api/files/s/jcxbhp0c
[16:51:55] SRT_150 생성·다운로드 완료
C:\cursor\videt\무협극장\검신귀환록\1부\10장\png\SRT_150.png
[16:51:56] run_scene 시작 SRT_165 · seen_files=11 · last_saved=https://www.genspark.ai/api/files/s/jcxbhp0c
[16:51:56] ⏱ 준비 SRT_165 0.0s · chars=349
[16:51:57] ⏱ 다음명령유휴 SRT_165 1.2s · idle=True
[16:51:57] fill OK follow=True chars=349 url=https://www.genspark.ai/agents?id=13314ebe-83fb-4b93-b12d-38f02721c8ca
[16:51:57] submit 시작 composer=349 url=https://www.genspark.ai/agents?id=13314ebe-83fb-4b93-b12d-38f02721c8ca
[16:51:58] submit geo=corner-live x=546 y=812
[16:51:58] submit 시도 method=geo geo=True
[16:51:58] submit 미확인 method=geo generating=False composer=349
[16:51:59] submit geo=corner-live x=546 y=812
[16:51:59] submit 시도 method=send send=True
[16:52:00] submit 미확인 method=send generating=False composer=349
[16:52:00] submit 시도 method=ctrl
[16:52:00] submit 미확인 method=ctrl generating=False composer=349
[16:52:00] submit 시도 method=enter
[16:52:01] submit 확인 method=enter generating=False composer=0
[16:52:01] ⏱ 입력·전송 SRT_165 4.0s · chars=349
[16:52:01] 제출 후 last_saved=https://www.genspark.ai/api/files/s/jcxbhp0c
[16:52:01] ⏱ 생성대기 시작 SRT_165 max=120s
[16:52:14] ⏱ 생성대기 완료 13.0s SRT_165 https://www.genspark.ai/api/files/s/w5oq8m13
[16:52:14] ⏱ 생성대기구간 SRT_165 13.0s · ok=True
[16:52:14] SRT_165 근접 이미지 https://www.genspark.ai/api/files/s/w5oq8m13
[16:52:14] 다운로드 files URL=https://www.genspark.ai/api/files/s/w5oq8m13 → SRT_165.png
[16:52:14] ⏱ 다운로드 직접실패 0.2s · 페이지 fetch 재시도: HTTP Error 403: Forbidden
[16:52:14] ⏱ 다운로드 fetch 0.1s size=542602 SRT_165.png
[16:52:14] ⏱ 다운로드구간 SRT_165 0.3s · SRT_165.png
[16:52:16] ⏱ 다운로드후유휴 SRT_165 1.3s · idle=True
[16:52:16] ⏱ 씬합계 SRT_165 20.1s · https://www.genspark.ai/api/files/s/w5oq8m13
[16:52:16] SRT_165 생성·다운로드 완료
C:\cursor\videt\무협극장\검신귀환록\1부\10장\png\SRT_165.png
[16:52:16] run_scene 시작 SRT_180 · seen_files=12 · last_saved=https://www.genspark.ai/api/files/s/w5oq8m13
[16:52:16] ⏱ 준비 SRT_180 0.0s · chars=317
[16:52:17] ⏱ 다음명령유휴 SRT_180 1.2s · idle=True
[16:52:18] fill OK follow=True chars=317 url=https://www.genspark.ai/agents?id=13314ebe-83fb-4b93-b12d-38f02721c8ca
[16:52:18] submit 시작 composer=317 url=https://www.genspark.ai/agents?id=13314ebe-83fb-4b93-b12d-38f02721c8ca
[16:52:18] submit geo=corner-live x=546 y=812
[16:52:18] submit 시도 method=geo geo=True
[16:52:19] submit 미확인 method=geo generating=False composer=317
[16:52:19] submit geo=corner-live x=546 y=812
[16:52:19] submit 시도 method=send send=True
[16:52:20] submit 미확인 method=send generating=False composer=317
[16:52:20] submit 시도 method=ctrl
[16:52:20] submit 미확인 method=ctrl generating=False composer=317
[16:52:20] submit 시도 method=enter
[16:52:21] submit 확인 method=enter generating=False composer=0
[16:52:21] ⏱ 입력·전송 SRT_180 3.9s · chars=317
[16:52:21] 제출 후 last_saved=https://www.genspark.ai/api/files/s/w5oq8m13
[16:52:21] ⏱ 생성대기 시작 SRT_180 max=120s
[16:52:33] ⏱ 생성대기 완료 11.5s SRT_180 https://www.genspark.ai/api/files/s/gkhy7fnx
[16:52:33] ⏱ 생성대기구간 SRT_180 11.5s · ok=True
[16:52:33] SRT_180 근접 이미지 https://www.genspark.ai/api/files/s/gkhy7fnx
[16:52:33] 다운로드 files URL=https://www.genspark.ai/api/files/s/gkhy7fnx → SRT_180.png
[16:52:33] ⏱ 다운로드 직접실패 0.3s · 페이지 fetch 재시도: HTTP Error 403: Forbidden
[16:52:33] ⏱ 다운로드 fetch 0.1s size=576489 SRT_180.png
[16:52:33] ⏱ 다운로드구간 SRT_180 0.3s · SRT_180.png
[16:52:34] ⏱ 다운로드후유휴 SRT_180 1.4s · idle=True
[16:52:34] ⏱ 씬합계 SRT_180 18.7s · https://www.genspark.ai/api/files/s/gkhy7fnx
[16:52:34] SRT_180 생성·다운로드 완료
C:\cursor\videt\무협극장\검신귀환록\1부\10장\png\SRT_180.png
[16:52:35] run_scene 시작 SRT_195 · seen_files=13 · last_saved=https://www.genspark.ai/api/files/s/gkhy7fnx
[16:52:35] ⏱ 준비 SRT_195 0.0s · chars=338
[16:52:36] ⏱ 다음명령유휴 SRT_195 1.2s · idle=True
[16:52:36] fill OK follow=True chars=338 url=https://www.genspark.ai/agents?id=13314ebe-83fb-4b93-b12d-38f02721c8ca
[16:52:36] submit 시작 composer=338 url=https://www.genspark.ai/agents?id=13314ebe-83fb-4b93-b12d-38f02721c8ca
[16:52:37] submit geo=corner-live x=546 y=812
[16:52:37] submit 시도 method=geo geo=True
[16:52:37] submit 미확인 method=geo generating=False composer=338
[16:52:38] submit geo=corner-live x=546 y=812
[16:52:38] submit 시도 method=send send=True
[16:52:39] submit 미확인 method=send generating=False composer=338
[16:52:39] submit 시도 method=ctrl
[16:52:39] submit 미확인 method=ctrl generating=False composer=338
[16:52:39] submit 시도 method=enter
[16:52:40] submit 확인 method=enter generating=False composer=0
[16:52:40] ⏱ 입력·전송 SRT_195 3.9s · chars=338
[16:52:40] 제출 후 last_saved=https://www.genspark.ai/api/files/s/gkhy7fnx
[16:52:40] ⏱ 생성대기 시작 SRT_195 max=120s
[16:52:53] ⏱ 생성대기 완료 13.2s SRT_195 https://www.genspark.ai/api/files/s/vwnu8iyg
[16:52:53] ⏱ 생성대기구간 SRT_195 13.2s · ok=True
[16:52:53] SRT_195 근접 이미지 https://www.genspark.ai/api/files/s/vwnu8iyg
[16:52:53] 다운로드 files URL=https://www.genspark.ai/api/files/s/vwnu8iyg → SRT_195.png
[16:52:54] ⏱ 다운로드 직접실패 0.3s · 페이지 fetch 재시도: HTTP Error 403: Forbidden
[16:52:54] ⏱ 다운로드 fetch 0.1s size=673457 SRT_195.png
[16:52:54] ⏱ 다운로드구간 SRT_195 0.4s · SRT_195.png
[16:52:55] ⏱ 다운로드후유휴 SRT_195 1.3s · idle=True
[16:52:55] ⏱ 씬합계 SRT_195 20.3s · https://www.genspark.ai/api/files/s/vwnu8iyg
[16:52:55] SRT_195 생성·다운로드 완료
C:\cursor\videt\무협극장\검신귀환록\1부\10장\png\SRT_195.png
[16:52:55] run_scene 시작 SRT_210 · seen_files=14 · last_saved=https://www.genspark.ai/api/files/s/vwnu8iyg
[16:52:55] ⏱ 준비 SRT_210 0.0s · chars=336
[16:52:56] ⏱ 다음명령유휴 SRT_210 1.2s · idle=True
[16:52:57] fill OK follow=True chars=336 url=https://www.genspark.ai/agents?id=13314ebe-83fb-4b93-b12d-38f02721c8ca
[16:52:57] submit 시작 composer=336 url=https://www.genspark.ai/agents?id=13314ebe-83fb-4b93-b12d-38f02721c8ca
[16:52:57] submit geo=corner-live x=546 y=812
[16:52:57] submit 시도 method=geo geo=True
[16:52:58] submit 미확인 method=geo generating=False composer=336
[16:52:59] submit geo=corner-live x=546 y=812
[16:52:59] submit 시도 method=send send=True
[16:52:59] submit 미확인 method=send generating=False composer=336
[16:52:59] submit 시도 method=ctrl
[16:53:00] submit 미확인 method=ctrl generating=False composer=336
[16:53:00] submit 시도 method=enter
[16:53:00] submit 확인 method=enter generating=False composer=0
[16:53:00] ⏱ 입력·전송 SRT_210 4.0s · chars=336
[16:53:00] 제출 후 last_saved=https://www.genspark.ai/api/files/s/vwnu8iyg
[16:53:01] ⏱ 생성대기 시작 SRT_210 max=120s
[16:53:16] ⏱ 생성대기 진행 15.0s SRT_210 busy=False url_ok=False
[16:53:18] ⏱ 생성대기 완료 17.7s SRT_210 https://www.genspark.ai/api/files/s/bzvj5j8c
[16:53:18] ⏱ 생성대기구간 SRT_210 17.7s · ok=True
[16:53:18] SRT_210 근접 이미지 https://www.genspark.ai/api/files/s/bzvj5j8c
[16:53:18] 다운로드 files URL=https://www.genspark.ai/api/files/s/bzvj5j8c → SRT_210.png
[16:53:19] ⏱ 다운로드 직접실패 0.3s · 페이지 fetch 재시도: HTTP Error 403: Forbidden
[16:53:19] ⏱ 다운로드 fetch 0.1s size=613284 SRT_210.png
[16:53:19] ⏱ 다운로드구간 SRT_210 0.4s · SRT_210.png
[16:53:20] ⏱ 다운로드후유휴 SRT_210 1.7s · idle=True
[16:53:20] ⏱ 씬합계 SRT_210 25.3s · https://www.genspark.ai/api/files/s/bzvj5j8c
[16:53:20] SRT_210 생성·다운로드 완료
C:\cursor\videt\무협극장\검신귀환록\1부\10장\png\SRT_210.png
[16:53:21] run_scene 시작 SRT_225 · seen_files=15 · last_saved=https://www.genspark.ai/api/files/s/bzvj5j8c
[16:53:21] ⏱ 준비 SRT_225 0.0s · chars=337
[16:53:22] ⏱ 다음명령유휴 SRT_225 1.5s · idle=True
[16:53:23] fill OK follow=True chars=337 url=https://www.genspark.ai/agents?id=13314ebe-83fb-4b93-b12d-38f02721c8ca
[16:53:23] submit 시작 composer=337 url=https://www.genspark.ai/agents?id=13314ebe-83fb-4b93-b12d-38f02721c8ca
[16:53:23] submit geo=corner-live x=546 y=812
[16:53:23] submit 시도 method=geo geo=True
[16:53:24] submit 미확인 method=geo generating=False composer=337
[16:53:25] submit geo=corner-live x=546 y=812
[16:53:25] submit 시도 method=send send=True
[16:53:25] submit 미확인 method=send generating=False composer=337
[16:53:25] submit 시도 method=ctrl
[16:53:26] submit 미확인 method=ctrl generating=False composer=337
[16:53:26] submit 시도 method=enter
[16:53:27] submit 확인 method=enter generating=False composer=0
[16:53:27] ⏱ 입력·전송 SRT_225 4.4s · chars=337
[16:53:27] 제출 후 last_saved=https://www.genspark.ai/api/files/s/bzvj5j8c
[16:53:27] ⏱ 생성대기 시작 SRT_225 max=120s
[16:53:40] ⏱ 생성대기 완료 13.4s SRT_225 https://www.genspark.ai/api/files/s/q9bfrb8q
[16:53:40] ⏱ 생성대기구간 SRT_225 13.4s · ok=True
[16:53:40] SRT_225 근접 이미지 https://www.genspark.ai/api/files/s/q9bfrb8q
[16:53:40] 다운로드 files URL=https://www.genspark.ai/api/files/s/q9bfrb8q → SRT_225.png
[16:53:40] ⏱ 다운로드 직접실패 0.3s · 페이지 fetch 재시도: HTTP Error 403: Forbidden
[16:53:41] ⏱ 다운로드 fetch 0.1s size=789721 SRT_225.png
[16:53:41] ⏱ 다운로드구간 SRT_225 0.4s · SRT_225.png
[16:53:42] ⏱ 다운로드후유휴 SRT_225 1.6s · idle=True
[16:53:42] ⏱ 씬합계 SRT_225 21.5s · https://www.genspark.ai/api/files/s/q9bfrb8q
[16:53:42] SRT_225 생성·다운로드 완료
C:\cursor\videt\무협극장\검신귀환록\1부\10장\png\SRT_225.png
[16:53:42] run_scene 시작 SRT_240 · seen_files=16 · last_saved=https://www.genspark.ai/api/files/s/q9bfrb8q
[16:53:42] ⏱ 준비 SRT_240 0.0s · chars=319
[16:53:44] ⏱ 다음명령유휴 SRT_240 1.6s · idle=True
[16:53:45] fill OK follow=True chars=319 url=https://www.genspark.ai/agents?id=13314ebe-83fb-4b93-b12d-38f02721c8ca
[16:53:45] submit 시작 composer=319 url=https://www.genspark.ai/agents?id=13314ebe-83fb-4b93-b12d-38f02721c8ca
[16:53:45] submit geo=corner-live x=546 y=812
[16:53:45] submit 시도 method=geo geo=True
[16:53:46] submit 미확인 method=geo generating=False composer=319
[16:53:46] submit geo=corner-live x=546 y=812
[16:53:46] submit 시도 method=send send=True
[16:53:47] submit 미확인 method=send generating=False composer=319
[16:53:47] submit 시도 method=ctrl
[16:53:48] submit 미확인 method=ctrl generating=False composer=319
[16:53:48] submit 시도 method=enter
[16:53:48] submit 확인 method=enter generating=False composer=0
[16:53:48] ⏱ 입력·전송 SRT_240 4.2s · chars=319
[16:53:48] 제출 후 last_saved=https://www.genspark.ai/api/files/s/q9bfrb8q
[16:53:48] ⏱ 생성대기 시작 SRT_240 max=120s
[16:54:02] ⏱ 생성대기 완료 13.3s SRT_240 https://www.genspark.ai/api/files/s/myxatzps
[16:54:02] ⏱ 생성대기구간 SRT_240 13.3s · ok=True
[16:54:02] SRT_240 근접 이미지 https://www.genspark.ai/api/files/s/myxatzps
[16:54:02] 다운로드 files URL=https://www.genspark.ai/api/files/s/myxatzps → SRT_240.png
[16:54:02] ⏱ 다운로드 직접실패 0.2s · 페이지 fetch 재시도: HTTP Error 403: Forbidden
[16:54:02] ⏱ 다운로드 fetch 0.0s size=564987 SRT_240.png
[16:54:02] ⏱ 다운로드구간 SRT_240 0.3s · SRT_240.png
[16:54:03] ⏱ 다운로드후유휴 SRT_240 1.4s · idle=True
[16:54:03] ⏱ 씬합계 SRT_240 21.1s · https://www.genspark.ai/api/files/s/myxatzps
[16:54:03] SRT_240 생성·다운로드 완료
C:\cursor\videt\무협극장\검신귀환록\1부\10장\png\SRT_240.png
[16:54:04] run_scene 시작 SRT_255 · seen_files=17 · last_saved=https://www.genspark.ai/api/files/s/myxatzps
[16:54:04] ⏱ 준비 SRT_255 0.0s · chars=338
[16:54:05] ⏱ 다음명령유휴 SRT_255 1.3s · idle=True
[16:54:05] fill OK follow=True chars=338 url=https://www.genspark.ai/agents?id=13314ebe-83fb-4b93-b12d-38f02721c8ca
[16:54:05] submit 시작 composer=338 url=https://www.genspark.ai/agents?id=13314ebe-83fb-4b93-b12d-38f02721c8ca
[16:54:06] submit geo=corner-live x=546 y=812
[16:54:06] submit 시도 method=geo geo=True
[16:54:07] submit 미확인 method=geo generating=False composer=338
[16:54:07] submit geo=corner-live x=546 y=812
[16:54:07] submit 시도 method=send send=True
[16:54:08] submit 미확인 method=send generating=False composer=338
[16:54:08] submit 시도 method=ctrl
[16:54:08] submit 미확인 method=ctrl generating=False composer=338
[16:54:08] submit 시도 method=enter
[16:54:09] submit 확인 method=enter generating=False composer=0
[16:54:09] ⏱ 입력·전송 SRT_255 4.2s · chars=338
[16:54:09] 제출 후 last_saved=https://www.genspark.ai/api/files/s/myxatzps
[16:54:09] ⏱ 생성대기 시작 SRT_255 max=120s
[16:54:23] ⏱ 생성대기 완료 13.8s SRT_255 https://www.genspark.ai/api/files/s/wrrhveco
[16:54:23] ⏱ 생성대기구간 SRT_255 13.8s · ok=True
[16:54:23] SRT_255 근접 이미지 https://www.genspark.ai/api/files/s/wrrhveco
[16:54:23] 다운로드 files URL=https://www.genspark.ai/api/files/s/wrrhveco → SRT_255.png
[16:54:23] ⏱ 다운로드 직접실패 0.3s · 페이지 fetch 재시도: HTTP Error 403: Forbidden
[16:54:23] ⏱ 다운로드 fetch 0.1s size=696242 SRT_255.png
[16:54:23] ⏱ 다운로드구간 SRT_255 0.4s · SRT_255.png
[16:54:25] ⏱ 다운로드후유휴 SRT_255 1.5s · idle=True
[16:54:25] ⏱ 씬합계 SRT_255 21.4s · https://www.genspark.ai/api/files/s/wrrhveco
[16:54:25] SRT_255 생성·다운로드 완료
C:\cursor\videt\무협극장\검신귀환록\1부\10장\png\SRT_255.png
[16:54:25] run_scene 시작 SRT_270 · seen_files=18 · last_saved=https://www.genspark.ai/api/files/s/wrrhveco
[16:54:25] ⏱ 준비 SRT_270 0.0s · chars=328
[16:54:26] ⏱ 다음명령유휴 SRT_270 1.3s · idle=True
[16:54:27] fill OK follow=True chars=328 url=https://www.genspark.ai/agents?id=13314ebe-83fb-4b93-b12d-38f02721c8ca
[16:54:27] submit 시작 composer=328 url=https://www.genspark.ai/agents?id=13314ebe-83fb-4b93-b12d-38f02721c8ca
[16:54:28] submit geo=corner-live x=546 y=812
[16:54:28] submit 시도 method=geo geo=True
[16:54:28] submit 미확인 method=geo generating=False composer=328
[16:54:29] submit geo=corner-live x=546 y=812
[16:54:29] submit 시도 method=send send=True
[16:54:29] submit 미확인 method=send generating=False composer=328
[16:54:29] submit 시도 method=ctrl
[16:54:30] submit 미확인 method=ctrl generating=False composer=328
[16:54:30] submit 시도 method=enter
[16:54:30] submit 확인 method=enter generating=False composer=0
[16:54:30] ⏱ 입력·전송 SRT_270 4.0s · chars=328
[16:54:30] 제출 후 last_saved=https://www.genspark.ai/api/files/s/wrrhveco
[16:54:31] ⏱ 생성대기 시작 SRT_270 max=120s
[16:54:42] ⏱ 생성대기 완료 11.3s SRT_270 https://www.genspark.ai/api/files/s/dqmgkpdq
[16:54:42] ⏱ 생성대기구간 SRT_270 11.3s · ok=True
[16:54:42] SRT_270 근접 이미지 https://www.genspark.ai/api/files/s/dqmgkpdq
[16:54:42] 다운로드 files URL=https://www.genspark.ai/api/files/s/dqmgkpdq → SRT_270.png
[16:54:42] ⏱ 다운로드 직접실패 0.3s · 페이지 fetch 재시도: HTTP Error 403: Forbidden
[16:54:42] ⏱ 다운로드 fetch 0.1s size=635430 SRT_270.png
[16:54:42] ⏱ 다운로드구간 SRT_270 0.4s · SRT_270.png
[16:54:44] ⏱ 다운로드후유휴 SRT_270 1.4s · idle=True
[16:54:44] ⏱ 씬합계 SRT_270 18.6s · https://www.genspark.ai/api/files/s/dqmgkpdq
[16:54:44] SRT_270 생성·다운로드 완료
C:\cursor\videt\무협극장\검신귀환록\1부\10장\png\SRT_270.png
[16:54:44] run_scene 시작 SRT_285 · seen_files=19 · last_saved=https://www.genspark.ai/api/files/s/dqmgkpdq
[16:54:44] ⏱ 준비 SRT_285 0.0s · chars=333
[16:54:45] ⏱ 다음명령유휴 SRT_285 1.3s · idle=True
[16:54:46] fill OK follow=True chars=333 url=https://www.genspark.ai/agents?id=13314ebe-83fb-4b93-b12d-38f02721c8ca
[16:54:46] submit 시작 composer=333 url=https://www.genspark.ai/agents?id=13314ebe-83fb-4b93-b12d-38f02721c8ca
[16:54:46] submit geo=corner-live x=546 y=812
[16:54:46] submit 시도 method=geo geo=True
[16:54:47] submit 미확인 method=geo generating=False composer=333
[16:54:47] submit geo=corner-live x=546 y=812
[16:54:47] submit 시도 method=send send=True
[16:54:48] submit 미확인 method=send generating=False composer=333
[16:54:48] submit 시도 method=ctrl
[16:54:49] submit 미확인 method=ctrl generating=False composer=333
[16:54:49] submit 시도 method=enter
[16:54:49] submit 확인 method=enter generating=False composer=0
[16:54:49] ⏱ 입력·전송 SRT_285 3.9s · chars=333
[16:54:49] 제출 후 last_saved=https://www.genspark.ai/api/files/s/dqmgkpdq
[16:54:49] ⏱ 생성대기 시작 SRT_285 max=120s
[16:55:01] ⏱ 생성대기 완료 11.8s SRT_285 https://www.genspark.ai/api/files/s/pwkckgjr
[16:55:01] ⏱ 생성대기구간 SRT_285 11.8s · ok=True
[16:55:01] 폴백: 미수신 api/files https://www.genspark.ai/api/files/s/pwkckgjr
[16:55:01] 다운로드 files URL=https://www.genspark.ai/api/files/s/pwkckgjr → SRT_285.png
[16:55:02] ⏱ 다운로드 직접실패 0.4s · 페이지 fetch 재시도: HTTP Error 403: Forbidden
[16:55:02] ⏱ 다운로드 fetch 0.1s size=625674 SRT_285.png
[16:55:02] ⏱ 다운로드구간 SRT_285 0.5s · SRT_285.png
[16:55:03] ⏱ 다운로드후유휴 SRT_285 1.3s · idle=True
[16:55:03] ⏱ 씬합계 SRT_285 19.1s · https://www.genspark.ai/api/files/s/pwkckgjr
[16:55:03] SRT_285 생성·다운로드 완료
C:\cursor\videt\무협극장\검신귀환록\1부\10장\png\SRT_285.png
[16:55:03] run_scene 시작 SRT_300 · seen_files=20 · last_saved=https://www.genspark.ai/api/files/s/pwkckgjr
[16:55:03] ⏱ 준비 SRT_300 0.0s · chars=334
[16:55:05] ⏱ 다음명령유휴 SRT_300 1.4s · idle=True
[16:55:05] fill OK follow=True chars=334 url=https://www.genspark.ai/agents?id=13314ebe-83fb-4b93-b12d-38f02721c8ca
[16:55:05] submit 시작 composer=334 url=https://www.genspark.ai/agents?id=13314ebe-83fb-4b93-b12d-38f02721c8ca
[16:55:06] submit geo=corner-live x=546 y=812
[16:55:06] submit 시도 method=geo geo=True
[16:55:06] submit 미확인 method=geo generating=False composer=334
[16:55:07] submit geo=corner-live x=546 y=812
[16:55:07] submit 시도 method=send send=True
[16:55:07] submit 미확인 method=send generating=False composer=334
[16:55:08] submit 시도 method=ctrl
[16:55:08] submit 미확인 method=ctrl generating=False composer=334
[16:55:08] submit 시도 method=enter
[16:55:09] submit 확인 method=enter generating=False composer=0
[16:55:09] ⏱ 입력·전송 SRT_300 4.2s · chars=334
[16:55:09] 제출 후 last_saved=https://www.genspark.ai/api/files/s/pwkckgjr
[16:55:09] ⏱ 생성대기 시작 SRT_300 max=120s
[16:55:20] ⏱ 생성대기 완료 10.8s SRT_300 https://www.genspark.ai/api/files/s/ospxjjde
[16:55:20] ⏱ 생성대기구간 SRT_300 10.8s · ok=True
[16:55:20] SRT_300 근접 이미지 https://www.genspark.ai/api/files/s/ospxjjde
[16:55:20] 다운로드 files URL=https://www.genspark.ai/api/files/s/ospxjjde → SRT_300.png
[16:55:20] ⏱ 다운로드 직접실패 0.3s · 페이지 fetch 재시도: HTTP Error 403: Forbidden
[16:55:20] ⏱ 다운로드 fetch 0.1s size=568893 SRT_300.png
[16:55:20] ⏱ 다운로드구간 SRT_300 0.3s · SRT_300.png
[16:55:21] ⏱ 다운로드후유휴 SRT_300 1.3s · idle=True
[16:55:21] ⏱ 씬합계 SRT_300 18.2s · https://www.genspark.ai/api/files/s/ospxjjde
[16:55:21] SRT_300 생성·다운로드 완료
C:\cursor\videt\무협극장\검신귀환록\1부\10장\png\SRT_300.png
[16:55:22] run_scene 시작 SRT_315 · seen_files=21 · last_saved=https://www.genspark.ai/api/files/s/ospxjjde
[16:55:22] ⏱ 준비 SRT_315 0.0s · chars=333
[16:55:23] ⏱ 다음명령유휴 SRT_315 1.3s · idle=True
[16:55:23] fill OK follow=True chars=333 url=https://www.genspark.ai/agents?id=13314ebe-83fb-4b93-b12d-38f02721c8ca
[16:55:23] submit 시작 composer=333 url=https://www.genspark.ai/agents?id=13314ebe-83fb-4b93-b12d-38f02721c8ca
[16:55:24] submit geo=corner-live x=546 y=812
[16:55:24] submit 시도 method=geo geo=True
[16:55:25] submit 미확인 method=geo generating=False composer=333
[16:55:25] submit geo=corner-live x=546 y=812
[16:55:25] submit 시도 method=send send=True
[16:55:26] submit 미확인 method=send generating=False composer=333
[16:55:26] submit 시도 method=ctrl
[16:55:27] submit 미확인 method=ctrl generating=False composer=333
[16:55:27] submit 시도 method=enter
[16:55:27] submit 확인 method=enter generating=False composer=0
[16:55:27] ⏱ 입력·전송 SRT_315 4.3s · chars=333
[16:55:27] 제출 후 last_saved=https://www.genspark.ai/api/files/s/ospxjjde
[16:55:27] ⏱ 생성대기 시작 SRT_315 max=120s
[16:55:39] ⏱ 생성대기 완료 11.9s SRT_315 https://www.genspark.ai/api/files/s/ht3m0lg0
[16:55:39] ⏱ 생성대기구간 SRT_315 11.9s · ok=True
[16:55:39] SRT_315 근접 이미지 https://www.genspark.ai/api/files/s/ht3m0lg0
[16:55:39] 다운로드 files URL=https://www.genspark.ai/api/files/s/ht3m0lg0 → SRT_315.png
[16:55:39] ⏱ 다운로드 직접실패 0.3s · 페이지 fetch 재시도: HTTP Error 403: Forbidden
[16:55:40] ⏱ 다운로드 fetch 0.0s size=481818 SRT_315.png
[16:55:40] ⏱ 다운로드구간 SRT_315 0.3s · SRT_315.png
[16:55:41] ⏱ 다운로드후유휴 SRT_315 1.3s · idle=True
[16:55:41] ⏱ 씬합계 SRT_315 19.3s · https://www.genspark.ai/api/files/s/ht3m0lg0
[16:55:41] SRT_315 생성·다운로드 완료
C:\cursor\videt\무협극장\검신귀환록\1부\10장\png\SRT_315.png
[16:55:41] run_scene 시작 SRT_330 · seen_files=22 · last_saved=https://www.genspark.ai/api/files/s/ht3m0lg0
[16:55:41] ⏱ 준비 SRT_330 0.0s · chars=333
[16:55:42] ⏱ 다음명령유휴 SRT_330 1.3s · idle=True
[16:55:43] fill OK follow=True chars=333 url=https://www.genspark.ai/agents?id=13314ebe-83fb-4b93-b12d-38f02721c8ca
[16:55:43] submit 시작 composer=333 url=https://www.genspark.ai/agents?id=13314ebe-83fb-4b93-b12d-38f02721c8ca
[16:55:43] submit geo=corner-live x=546 y=812
[16:55:43] submit 시도 method=geo geo=True
[16:55:44] submit 미확인 method=geo generating=False composer=333
[16:55:45] submit geo=corner-live x=546 y=812
[16:55:45] submit 시도 method=send send=True
[16:55:45] submit 미확인 method=send generating=False composer=333
[16:55:45] submit 시도 method=ctrl
[16:55:46] submit 미확인 method=ctrl generating=False composer=333
[16:55:46] submit 시도 method=enter
[16:55:47] submit 확인 method=enter generating=False composer=0
[16:55:47] ⏱ 입력·전송 SRT_330 4.3s · chars=333
[16:55:47] 제출 후 last_saved=https://www.genspark.ai/api/files/s/ht3m0lg0
[16:55:47] ⏱ 생성대기 시작 SRT_330 max=120s
[16:56:01] ⏱ 생성대기 완료 13.7s SRT_330 https://www.genspark.ai/api/files/s/2x80xutx
[16:56:01] ⏱ 생성대기구간 SRT_330 13.7s · ok=True
[16:56:01] SRT_330 근접 이미지 https://www.genspark.ai/api/files/s/2x80xutx
[16:56:01] 다운로드 files URL=https://www.genspark.ai/api/files/s/2x80xutx → SRT_330.png
[16:56:01] ⏱ 다운로드 직접실패 0.3s · 페이지 fetch 재시도: HTTP Error 403: Forbidden
[16:56:01] ⏱ 다운로드 fetch 0.1s size=634941 SRT_330.png
[16:56:01] ⏱ 다운로드구간 SRT_330 0.4s · SRT_330.png
[16:56:02] ⏱ 다운로드후유휴 SRT_330 1.4s · idle=True
[16:56:02] ⏱ 씬합계 SRT_330 21.4s · https://www.genspark.ai/api/files/s/2x80xutx
[16:56:02] SRT_330 생성·다운로드 완료
C:\cursor\videt\무협극장\검신귀환록\1부\10장\png\SRT_330.png
[16:56:03] run_scene 시작 SRT_345 · seen_files=23 · last_saved=https://www.genspark.ai/api/files/s/2x80xutx
[16:56:03] ⏱ 준비 SRT_345 0.0s · chars=340
[16:56:04] ⏱ 다음명령유휴 SRT_345 1.4s · idle=True
[16:56:04] fill OK follow=True chars=340 url=https://www.genspark.ai/agents?id=13314ebe-83fb-4b93-b12d-38f02721c8ca
[16:56:04] submit 시작 composer=340 url=https://www.genspark.ai/agents?id=13314ebe-83fb-4b93-b12d-38f02721c8ca
[16:56:05] submit geo=corner-live x=546 y=812
[16:56:05] submit 시도 method=geo geo=True
[16:56:06] submit 미확인 method=geo generating=False composer=340
[16:56:06] submit geo=corner-live x=546 y=812
[16:56:06] submit 시도 method=send send=True
[16:56:07] submit 미확인 method=send generating=False composer=340
[16:56:07] submit 시도 method=ctrl
[16:56:07] submit 미확인 method=ctrl generating=False composer=340
[16:56:07] submit 시도 method=enter
[16:56:08] submit 확인 method=enter generating=False composer=0
[16:56:08] ⏱ 입력·전송 SRT_345 4.0s · chars=340
[16:56:08] 제출 후 last_saved=https://www.genspark.ai/api/files/s/2x80xutx
[16:56:08] ⏱ 생성대기 시작 SRT_345 max=120s
[16:56:21] ⏱ 생성대기 완료 12.7s SRT_345 https://www.genspark.ai/api/files/s/btqi1o2d
[16:56:21] ⏱ 생성대기구간 SRT_345 12.7s · ok=True
[16:56:21] SRT_345 근접 이미지 https://www.genspark.ai/api/files/s/btqi1o2d
[16:56:21] 다운로드 files URL=https://www.genspark.ai/api/files/s/btqi1o2d → SRT_345.png
[16:56:21] ⏱ 다운로드 직접실패 0.3s · 페이지 fetch 재시도: HTTP Error 403: Forbidden
[16:56:21] ⏱ 다운로드 fetch 0.1s size=680657 SRT_345.png
[16:56:21] ⏱ 다운로드구간 SRT_345 0.3s · SRT_345.png
[16:56:23] ⏱ 다운로드후유휴 SRT_345 1.4s · idle=True
[16:56:23] ⏱ 씬합계 SRT_345 20.1s · https://www.genspark.ai/api/files/s/btqi1o2d
[16:56:23] SRT_345 생성·다운로드 완료
C:\cursor\videt\무협극장\검신귀환록\1부\10장\png\SRT_345.png
[16:56:23] run_scene 시작 SRT_360 · seen_files=24 · last_saved=https://www.genspark.ai/api/files/s/btqi1o2d
[16:56:23] ⏱ 준비 SRT_360 0.0s · chars=338
[16:56:24] ⏱ 다음명령유휴 SRT_360 1.4s · idle=True
[16:56:25] fill OK follow=True chars=338 url=https://www.genspark.ai/agents?id=13314ebe-83fb-4b93-b12d-38f02721c8ca
[16:56:25] submit 시작 composer=338 url=https://www.genspark.ai/agents?id=13314ebe-83fb-4b93-b12d-38f02721c8ca
[16:56:25] submit geo=corner-live x=546 y=812
[16:56:25] submit 시도 method=geo geo=True
[16:56:26] submit 미확인 method=geo generating=False composer=338
[16:56:26] submit geo=corner-live x=546 y=812
[16:56:26] submit 시도 method=send send=True
[16:56:27] submit 미확인 method=send generating=False composer=338
[16:56:27] submit 시도 method=ctrl
[16:56:28] submit 미확인 method=ctrl generating=False composer=338
[16:56:28] submit 시도 method=enter
[16:56:28] submit 확인 method=enter generating=False composer=0
[16:56:28] ⏱ 입력·전송 SRT_360 4.1s · chars=338
[16:56:28] 제출 후 last_saved=https://www.genspark.ai/api/files/s/btqi1o2d
[16:56:28] ⏱ 생성대기 시작 SRT_360 max=120s
[16:56:42] ⏱ 생성대기 완료 13.3s SRT_360 https://www.genspark.ai/api/files/s/xrcmnksy
[16:56:42] ⏱ 생성대기구간 SRT_360 13.3s · ok=True
[16:56:42] SRT_360 근접 이미지 https://www.genspark.ai/api/files/s/xrcmnksy
[16:56:42] 다운로드 files URL=https://www.genspark.ai/api/files/s/xrcmnksy → SRT_360.png
[16:56:42] ⏱ 다운로드 직접실패 0.3s · 페이지 fetch 재시도: HTTP Error 403: Forbidden
[16:56:42] ⏱ 다운로드 fetch 0.1s size=600386 SRT_360.png
[16:56:42] ⏱ 다운로드구간 SRT_360 0.3s · SRT_360.png
[16:56:44] ⏱ 다운로드후유휴 SRT_360 1.5s · idle=True
[16:56:44] ⏱ 씬합계 SRT_360 20.8s · https://www.genspark.ai/api/files/s/xrcmnksy
[16:56:44] SRT_360 생성·다운로드 완료
C:\cursor\videt\무협극장\검신귀환록\1부\10장\png\SRT_360.png
[16:56:44] run_scene 시작 SRT_375 · seen_files=25 · last_saved=https://www.genspark.ai/api/files/s/xrcmnksy
[16:56:44] ⏱ 준비 SRT_375 0.0s · chars=336
[16:56:45] ⏱ 다음명령유휴 SRT_375 1.3s · idle=True
[16:56:46] fill OK follow=True chars=336 url=https://www.genspark.ai/agents?id=13314ebe-83fb-4b93-b12d-38f02721c8ca
[16:56:46] submit 시작 composer=336 url=https://www.genspark.ai/agents?id=13314ebe-83fb-4b93-b12d-38f02721c8ca
[16:56:46] submit geo=corner-live x=546 y=812
[16:56:46] submit 시도 method=geo geo=True
[16:56:47] submit 미확인 method=geo generating=False composer=336
[16:56:47] submit geo=corner-live x=546 y=812
[16:56:47] submit 시도 method=send send=True
[16:56:48] submit 미확인 method=send generating=False composer=336
[16:56:48] submit 시도 method=ctrl
[16:56:49] submit 미확인 method=ctrl generating=False composer=336
[16:56:49] submit 시도 method=enter
[16:56:49] submit 확인 method=enter generating=False composer=0
[16:56:49] ⏱ 입력·전송 SRT_375 4.1s · chars=336
[16:56:49] 제출 후 last_saved=https://www.genspark.ai/api/files/s/xrcmnksy
[16:56:49] ⏱ 생성대기 시작 SRT_375 max=120s
[16:57:03] ⏱ 생성대기 완료 13.9s SRT_375 https://www.genspark.ai/api/files/s/dfwub3lm
[16:57:03] ⏱ 생성대기구간 SRT_375 13.9s · ok=True
[16:57:03] SRT_375 근접 이미지 https://www.genspark.ai/api/files/s/dfwub3lm
[16:57:03] 다운로드 files URL=https://www.genspark.ai/api/files/s/dfwub3lm → SRT_375.png
[16:57:04] ⏱ 다운로드 직접실패 0.2s · 페이지 fetch 재시도: HTTP Error 403: Forbidden
[16:57:04] ⏱ 다운로드 fetch 0.1s size=525170 SRT_375.png
[16:57:04] ⏱ 다운로드구간 SRT_375 0.3s · SRT_375.png
[16:57:05] ⏱ 다운로드후유휴 SRT_375 1.4s · idle=True
[16:57:05] ⏱ 씬합계 SRT_375 21.3s · https://www.genspark.ai/api/files/s/dfwub3lm
[16:57:05] SRT_375 생성·다운로드 완료
C:\cursor\videt\무협극장\검신귀환록\1부\10장\png\SRT_375.png
[16:57:05] run_scene 시작 SRT_390 · seen_files=26 · last_saved=https://www.genspark.ai/api/files/s/dfwub3lm
[16:57:05] ⏱ 준비 SRT_390 0.0s · chars=334
[16:57:07] ⏱ 다음명령유휴 SRT_390 1.5s · idle=True
[16:57:07] fill OK follow=True chars=334 url=https://www.genspark.ai/agents?id=13314ebe-83fb-4b93-b12d-38f02721c8ca
[16:57:07] submit 시작 composer=334 url=https://www.genspark.ai/agents?id=13314ebe-83fb-4b93-b12d-38f02721c8ca
[16:57:08] submit geo=corner-live x=546 y=812
[16:57:08] submit 시도 method=geo geo=True
[16:57:08] submit 미확인 method=geo generating=False composer=334
[16:57:09] submit geo=corner-live x=546 y=812
[16:57:09] submit 시도 method=send send=True
[16:57:09] submit 미확인 method=send generating=False composer=334
[16:57:09] submit 시도 method=ctrl
[16:57:10] submit 미확인 method=ctrl generating=False composer=334
[16:57:10] submit 시도 method=enter
[16:57:11] submit 확인 method=enter generating=False composer=0
[16:57:11] ⏱ 입력·전송 SRT_390 4.0s · chars=334
[16:57:11] 제출 후 last_saved=https://www.genspark.ai/api/files/s/dfwub3lm
[16:57:11] ⏱ 생성대기 시작 SRT_390 max=120s
[16:57:26] ⏱ 생성대기 진행 15.1s SRT_390 busy=False url_ok=False
[16:57:41] ⏱ 생성대기 진행 30.1s SRT_390 busy=False url_ok=False
[16:57:56] ⏱ 생성대기 진행 45.1s SRT_390 busy=False url_ok=False
[16:58:04] ⏱ 생성대기 완료 53.5s SRT_390 https://www.genspark.ai/api/files/s/gfdjco2r
[16:58:04] ⏱ 생성대기구간 SRT_390 53.5s · ok=True
[16:58:04] SRT_390 근접 이미지 https://www.genspark.ai/api/files/s/gfdjco2r
[16:58:04] 다운로드 files URL=https://www.genspark.ai/api/files/s/gfdjco2r → SRT_390.png
[16:58:05] ⏱ 다운로드 직접실패 0.3s · 페이지 fetch 재시도: HTTP Error 403: Forbidden
[16:58:05] ⏱ 다운로드 fetch 0.1s size=665067 SRT_390.png
[16:58:05] ⏱ 다운로드구간 SRT_390 0.4s · SRT_390.png
[16:58:06] ⏱ 다운로드후유휴 SRT_390 1.3s · idle=True
[16:58:06] ⏱ 씬합계 SRT_390 60.9s · https://www.genspark.ai/api/files/s/gfdjco2r
[16:58:06] SRT_390 생성·다운로드 완료
C:\cursor\videt\무협극장\검신귀환록\1부\10장\png\SRT_390.png
[16:58:06] run_scene 시작 SRT_405 · seen_files=27 · last_saved=https://www.genspark.ai/api/files/s/gfdjco2r
[16:58:06] ⏱ 준비 SRT_405 0.0s · chars=346
[16:58:08] ⏱ 다음명령유휴 SRT_405 1.3s · idle=True
[16:58:08] fill OK follow=True chars=346 url=https://www.genspark.ai/agents?id=13314ebe-83fb-4b93-b12d-38f02721c8ca
[16:58:08] submit 시작 composer=346 url=https://www.genspark.ai/agents?id=13314ebe-83fb-4b93-b12d-38f02721c8ca
[16:58:09] submit geo=corner-live x=546 y=812
[16:58:09] submit 시도 method=geo geo=True
[16:58:09] submit 미확인 method=geo generating=False composer=346
[16:58:10] submit geo=corner-live x=546 y=812
[16:58:10] submit 시도 method=send send=True
[16:58:10] submit 미확인 method=send generating=False composer=346
[16:58:10] submit 시도 method=ctrl
[16:58:11] submit 미확인 method=ctrl generating=False composer=346
[16:58:11] submit 시도 method=enter
[16:58:12] submit 미확인 method=enter generating=False composer=346
[16:58:12] submit geo=corner-live x=546 y=812
[16:58:12] submit 시도 method=geo2 geo=True
[16:58:12] submit 미확인 method=geo2 generating=False composer=346
[16:58:13] submit geo=corner-live x=546 y=812
[16:58:13] submit 시도 method=send2 send=True
[16:58:14] submit 미확인 method=send2 generating=False composer=346
[16:58:14] submit 시도 method=ctrl2
[16:58:14] submit 미확인 method=ctrl2 generating=False composer=346
[16:58:14] submit 실패 composer잔존=346
[16:58:14] ⏱ 입력·전송 SRT_405 6.5s · chars=346
[16:58:14] 제출 후 last_saved=https://www.genspark.ai/api/files/s/gfdjco2r
[16:58:14] ⏱ 생성대기 시작 SRT_405 max=120s
[16:58:30] ⏱ 생성대기 진행 15.4s SRT_405 busy=False url_ok=False
[16:58:33] ⏱ 생성대기 완료 19.1s SRT_405 https://www.genspark.ai/api/files/s/k0zqlryv
[16:58:33] ⏱ 생성대기구간 SRT_405 19.1s · ok=True
[16:58:33] 폴백: 미수신 api/files https://www.genspark.ai/api/files/s/k0zqlryv
[16:58:33] 다운로드 files URL=https://www.genspark.ai/api/files/s/k0zqlryv → SRT_405.png
[16:58:34] ⏱ 다운로드 직접실패 0.3s · 페이지 fetch 재시도: HTTP Error 403: Forbidden
[16:58:34] ⏱ 다운로드 fetch 0.1s size=791047 SRT_405.png
[16:58:34] ⏱ 다운로드구간 SRT_405 0.4s · SRT_405.png
[16:58:35] ⏱ 다운로드후유휴 SRT_405 1.4s · idle=True
[16:58:35] ⏱ 씬합계 SRT_405 29.0s · https://www.genspark.ai/api/files/s/k0zqlryv
[16:58:35] SRT_405 생성·다운로드 완료
C:\cursor\videt\무협극장\검신귀환록\1부\10장\png\SRT_405.png
[16:58:35] run_scene 시작 SRT_420 · seen_files=28 · last_saved=https://www.genspark.ai/api/files/s/k0zqlryv
[16:58:35] ⏱ 준비 SRT_420 0.0s · chars=342
[16:58:37] ⏱ 다음명령유휴 SRT_420 1.4s · idle=True
[16:58:37] fill OK follow=True chars=342 url=https://www.genspark.ai/agents?id=13314ebe-83fb-4b93-b12d-38f02721c8ca
[16:58:37] submit 시작 composer=342 url=https://www.genspark.ai/agents?id=13314ebe-83fb-4b93-b12d-38f02721c8ca
[16:58:38] submit geo=corner-live x=546 y=812
[16:58:38] submit 시도 method=geo geo=True
[16:58:39] submit 미확인 method=geo generating=False composer=342
[16:58:39] submit geo=corner-live x=546 y=812
[16:58:39] submit 시도 method=send send=True
[16:58:40] submit 미확인 method=send generating=False composer=342
[16:58:40] submit 시도 method=ctrl
[16:58:40] submit 미확인 method=ctrl generating=False composer=342
[16:58:40] submit 시도 method=enter
[16:58:41] submit 미확인 method=enter generating=False composer=342
[16:58:41] submit geo=corner-live x=546 y=812
[16:58:41] submit 시도 method=geo2 geo=True
[16:58:42] submit 미확인 method=geo2 generating=False composer=342
[16:58:42] submit geo=corner-live x=546 y=812
[16:58:42] submit 시도 method=send2 send=True
[16:58:43] submit 미확인 method=send2 generating=False composer=342
[16:58:43] submit 시도 method=ctrl2
[16:58:44] submit 미확인 method=ctrl2 generating=False composer=342
[16:58:44] submit 실패 composer잔존=342
[16:58:44] ⏱ 입력·전송 SRT_420 6.8s · chars=342
[16:58:44] 제출 후 last_saved=https://www.genspark.ai/api/files/s/k0zqlryv
[16:58:44] ⏱ 생성대기 시작 SRT_420 max=120s
[16:58:55] ⏱ 생성대기 완료 11.5s SRT_420 https://www.genspark.ai/api/files/s/xobki4yr
[16:58:55] ⏱ 생성대기구간 SRT_420 11.5s · ok=True
[16:58:55] 폴백: 미수신 api/files https://www.genspark.ai/api/files/s/xobki4yr
[16:58:55] 다운로드 files URL=https://www.genspark.ai/api/files/s/xobki4yr → SRT_420.png
[16:58:56] ⏱ 다운로드 직접실패 0.3s · 페이지 fetch 재시도: HTTP Error 403: Forbidden
[16:58:56] ⏱ 다운로드 fetch 0.1s size=652924 SRT_420.png
[16:58:56] ⏱ 다운로드구간 SRT_420 0.3s · SRT_420.png
[16:58:57] ⏱ 다운로드후유휴 SRT_420 1.4s · idle=True
[16:58:57] ⏱ 씬합계 SRT_420 21.7s · https://www.genspark.ai/api/files/s/xobki4yr
[16:58:57] SRT_420 생성·다운로드 완료
C:\cursor\videt\무협극장\검신귀환록\1부\10장\png\SRT_420.png
[16:58:57] run_scene 시작 SRT_435 · seen_files=29 · last_saved=https://www.genspark.ai/api/files/s/xobki4yr
[16:58:57] ⏱ 준비 SRT_435 0.0s · chars=344
[16:58:59] ⏱ 다음명령유휴 SRT_435 1.3s · idle=True
[16:58:59] fill OK follow=True chars=344 url=https://www.genspark.ai/agents?id=13314ebe-83fb-4b93-b12d-38f02721c8ca
[16:58:59] submit 시작 composer=344 url=https://www.genspark.ai/agents?id=13314ebe-83fb-4b93-b12d-38f02721c8ca
[16:59:00] submit geo=corner-live x=546 y=812
[16:59:00] submit 시도 method=geo geo=True
[16:59:00] submit 미확인 method=geo generating=False composer=344
[16:59:01] submit geo=corner-live x=546 y=812
[16:59:01] submit 시도 method=send send=True
[16:59:01] submit 미확인 method=send generating=False composer=344
[16:59:02] submit 시도 method=ctrl
[16:59:02] submit 미확인 method=ctrl generating=False composer=344
[16:59:02] submit 시도 method=enter
[16:59:03] submit 미확인 method=enter generating=False composer=344
[16:59:03] submit geo=corner-live x=546 y=812
[16:59:03] submit 시도 method=geo2 geo=True
[16:59:04] submit 미확인 method=geo2 generating=False composer=344
[16:59:04] submit geo=corner-live x=546 y=812
[16:59:04] submit 시도 method=send2 send=True
[16:59:05] submit 미확인 method=send2 generating=False composer=344
[16:59:05] submit 시도 method=ctrl2
[16:59:05] submit 미확인 method=ctrl2 generating=False composer=344
[16:59:05] submit 실패 composer잔존=344
[16:59:05] ⏱ 입력·전송 SRT_435 6.7s · chars=344
[16:59:05] 제출 후 last_saved=https://www.genspark.ai/api/files/s/xobki4yr
[16:59:06] ⏱ 생성대기 시작 SRT_435 max=120s
[16:59:21] ⏱ 생성대기 진행 15.0s SRT_435 busy=False url_ok=False
[16:59:36] ⏱ 생성대기 진행 30.2s SRT_435 busy=False url_ok=False
[16:59:51] ⏱ 생성대기 진행 45.2s SRT_435 busy=False url_ok=False
[17:00:06] ⏱ 생성대기 진행 60.3s SRT_435 busy=False url_ok=False
[17:00:21] ⏱ 생성대기 진행 75.6s SRT_435 busy=False url_ok=False
[17:00:36] ⏱ 생성대기 진행 90.9s SRT_435 busy=False url_ok=False
[17:00:47] 생성대기 예외(closed): Page.wait_for_timeout: Target page, context or browser has been closed
[17:00:47] 생성대기: 작업탭 닫힘 → 복구
[17:00:47] run_scene 실패(재시도 없음): 브라우저 탭이 닫혔습니다. 「브라우저 열기」를 다시 눌러 주세요.
[17:00:47] SRT_435 실패 — 다음 씬 계속
브라우저 탭이 닫혔습니다. 「브라우저 열기」를 다시 눌러 주세요.
[17:00:47] run_scene 시작 SRT_450 · seen_files=29 · last_saved=https://www.genspark.ai/api/files/s/xobki4yr
[17:00:47] run_scene 실패(재시도 없음): 브라우저 탭이 닫혔습니다. 「브라우저 열기」를 다시 눌러 주세요.
[17:00:47] SRT_450 실패 — 다음 씬 계속
브라우저 탭이 닫혔습니다. 「브라우저 열기」를 다시 눌러 주세요.
[17:00:47] run_scene 시작 SRT_465 · seen_files=29 · last_saved=https://www.genspark.ai/api/files/s/xobki4yr
[17:00:47] run_scene 실패(재시도 없음): 브라우저 탭이 닫혔습니다. 「브라우저 열기」를 다시 눌러 주세요.
[17:00:47] SRT_465 실패 — 다음 씬 계속
브라우저 탭이 닫혔습니다. 「브라우저 열기」를 다시 눌러 주세요.
[17:00:47] run_scene 시작 SRT_480 · seen_files=29 · last_saved=https://www.genspark.ai/api/files/s/xobki4yr
[17:00:47] run_scene 실패(재시도 없음): 브라우저 탭이 닫혔습니다. 「브라우저 열기」를 다시 눌러 주세요.
[17:00:47] SRT_480 실패 — 다음 씬 계속
브라우저 탭이 닫혔습니다. 「브라우저 열기」를 다시 눌러 주세요.
[17:00:47] run_scene 시작 SRT_495 · seen_files=29 · last_saved=https://www.genspark.ai/api/files/s/xobki4yr
[17:00:47] run_scene 실패(재시도 없음): 브라우저 탭이 닫혔습니다. 「브라우저 열기」를 다시 눌러 주세요.
[17:00:47] SRT_495 실패 — 다음 씬 계속
브라우저 탭이 닫혔습니다. 「브라우저 열기」를 다시 눌러 주세요.
[17:00:47] run_scene 시작 SRT_510 · seen_files=29 · last_saved=https://www.genspark.ai/api/files/s/xobki4yr
[17:00:47] run_scene 실패(재시도 없음): 브라우저 탭이 닫혔습니다. 「브라우저 열기」를 다시 눌러 주세요.
[17:00:47] SRT_510 실패 — 다음 씬 계속
브라우저 탭이 닫혔습니다. 「브라우저 열기」를 다시 눌러 주세요.
[17:00:48] run_scene 시작 SRT_525 · seen_files=29 · last_saved=https://www.genspark.ai/api/files/s/xobki4yr
[17:00:48] run_scene 실패(재시도 없음): 브라우저 탭이 닫혔습니다. 「브라우저 열기」를 다시 눌러 주세요.
[17:00:48] SRT_525 실패 — 다음 씬 계속
브라우저 탭이 닫혔습니다. 「브라우저 열기」를 다시 눌러 주세요.
[17:00:48] run_scene 시작 SRT_540 · seen_files=29 · last_saved=https://www.genspark.ai/api/files/s/xobki4yr
[17:00:48] run_scene 실패(재시도 없음): 브라우저 탭이 닫혔습니다. 「브라우저 열기」를 다시 눌러 주세요.
[17:00:48] SRT_540 실패 — 다음 씬 계속
브라우저 탭이 닫혔습니다. 「브라우저 열기」를 다시 눌러 주세요.
[17:00:48] run_scene 시작 SRT_555 · seen_files=29 · last_saved=https://www.genspark.ai/api/files/s/xobki4yr
[17:00:48] run_scene 실패(재시도 없음): 브라우저 탭이 닫혔습니다. 「브라우저 열기」를 다시 눌러 주세요.
[17:00:48] SRT_555 실패 — 다음 씬 계속
브라우저 탭이 닫혔습니다. 「브라우저 열기」를 다시 눌러 주세요.
[17:00:48] run_scene 시작 SRT_570 · seen_files=29 · last_saved=https://www.genspark.ai/api/files/s/xobki4yr
[17:00:48] run_scene 실패(재시도 없음): 브라우저 탭이 닫혔습니다. 「브라우저 열기」를 다시 눌러 주세요.
[17:00:48] SRT_570 실패 — 다음 씬 계속
브라우저 탭이 닫혔습니다. 「브라우저 열기」를 다시 눌러 주세요.
[17:00:48] run_scene 시작 SRT_585 · seen_files=29 · last_saved=https://www.genspark.ai/api/files/s/xobki4yr
[17:00:48] run_scene 실패(재시도 없음): 브라우저 탭이 닫혔습니다. 「브라우저 열기」를 다시 눌러 주세요.
[17:00:48] SRT_585 실패 — 다음 씬 계속
브라우저 탭이 닫혔습니다. 「브라우저 열기」를 다시 눌러 주세요.
[17:00:48] run_scene 시작 SRT_600 · seen_files=29 · last_saved=https://www.genspark.ai/api/files/s/xobki4yr
[17:00:48] run_scene 실패(재시도 없음): 브라우저 탭이 닫혔습니다. 「브라우저 열기」를 다시 눌러 주세요.
[17:00:48] SRT_600 실패 — 다음 씬 계속
브라우저 탭이 닫혔습니다. 「브라우저 열기」를 다시 눌러 주세요.
[17:00:49] run_scene 시작 SRT_615 · seen_files=29 · last_saved=https://www.genspark.ai/api/files/s/xobki4yr
[17:00:49] run_scene 실패(재시도 없음): 브라우저 탭이 닫혔습니다. 「브라우저 열기」를 다시 눌러 주세요.
[17:00:49] SRT_615 실패 — 다음 씬 계속
브라우저 탭이 닫혔습니다. 「브라우저 열기」를 다시 눌러 주세요.
[17:00:49] run_scene 시작 SRT_630 · seen_files=29 · last_saved=https://www.genspark.ai/api/files/s/xobki4yr
[17:00:49] run_scene 실패(재시도 없음): 브라우저 탭이 닫혔습니다. 「브라우저 열기」를 다시 눌러 주세요.
[17:00:49] SRT_630 실패 — 다음 씬 계속
브라우저 탭이 닫혔습니다. 「브라우저 열기」를 다시 눌러 주세요.
[17:00:49] run_scene 시작 SRT_645 · seen_files=29 · last_saved=https://www.genspark.ai/api/files/s/xobki4yr
[17:00:49] run_scene 실패(재시도 없음): 브라우저 탭이 닫혔습니다. 「브라우저 열기」를 다시 눌러 주세요.
[17:00:49] SRT_645 실패 — 다음 씬 계속
브라우저 탭이 닫혔습니다. 「브라우저 열기」를 다시 눌러 주세요.
[17:00:49] run_scene 시작 SRT_660 · seen_files=29 · last_saved=https://www.genspark.ai/api/files/s/xobki4yr
[17:00:49] run_scene 실패(재시도 없음): 브라우저 탭이 닫혔습니다. 「브라우저 열기」를 다시 눌러 주세요.
[17:00:49] SRT_660 실패 — 다음 씬 계속
브라우저 탭이 닫혔습니다. 「브라우저 열기」를 다시 눌러 주세요.
[17:00:49] run_scene 시작 SRT_675 · seen_files=29 · last_saved=https://www.genspark.ai/api/files/s/xobki4yr
[17:00:49] run_scene 실패(재시도 없음): 브라우저 탭이 닫혔습니다. 「브라우저 열기」를 다시 눌러 주세요.
[17:00:49] SRT_675 실패 — 다음 씬 계속
브라우저 탭이 닫혔습니다. 「브라우저 열기」를 다시 눌러 주세요.
[17:00:49] run_scene 시작 SRT_690 · seen_files=29 · last_saved=https://www.genspark.ai/api/files/s/xobki4yr
[17:00:49] run_scene 실패(재시도 없음): 브라우저 탭이 닫혔습니다. 「브라우저 열기」를 다시 눌러 주세요.
[17:00:49] SRT_690 실패 — 다음 씬 계속
브라우저 탭이 닫혔습니다. 「브라우저 열기」를 다시 눌러 주세요.
[17:00:50] run_scene 시작 SRT_705 · seen_files=29 · last_saved=https://www.genspark.ai/api/files/s/xobki4yr
[17:00:50] run_scene 실패(재시도 없음): 브라우저 탭이 닫혔습니다. 「브라우저 열기」를 다시 눌러 주세요.
[17:00:50] SRT_705 실패 — 다음 씬 계속
브라우저 탭이 닫혔습니다. 「브라우저 열기」를 다시 눌러 주세요.
[17:00:50] run_scene 시작 SRT_720 · seen_files=29 · last_saved=https://www.genspark.ai/api/files/s/xobki4yr
[17:00:50] run_scene 실패(재시도 없음): 브라우저 탭이 닫혔습니다. 「브라우저 열기」를 다시 눌러 주세요.
[17:00:50] SRT_720 실패 — 다음 씬 계속
브라우저 탭이 닫혔습니다. 「브라우저 열기」를 다시 눌러 주세요.
[17:00:50] run_scene 시작 SRT_735 · seen_files=29 · last_saved=https://www.genspark.ai/api/files/s/xobki4yr
[17:00:50] run_scene 실패(재시도 없음): 브라우저 탭이 닫혔습니다. 「브라우저 열기」를 다시 눌러 주세요.
[17:00:50] SRT_735 실패 — 다음 씬 계속
브라우저 탭이 닫혔습니다. 「브라우저 열기」를 다시 눌러 주세요.
[17:00:50] run_scene 시작 SRT_750 · seen_files=29 · last_saved=https://www.genspark.ai/api/files/s/xobki4yr
[17:00:50] run_scene 실패(재시도 없음): 브라우저 탭이 닫혔습니다. 「브라우저 열기」를 다시 눌러 주세요.
[17:00:50] SRT_750 실패 — 다음 씬 계속
브라우저 탭이 닫혔습니다. 「브라우저 열기」를 다시 눌러 주세요.
[17:01:00] 탭로그 ON — 브라우저 열기·생성 · 씬 87개 · reopen=True
[17:01:05] ChromeDebug 재시작 port=9242 user_data=C:\ChromeDebug_2_5
[17:01:10] 모델 이미 Pro: Nano Banana Pro
[17:01:10] 세션 준비 — login=OK model=Nano Banana Pro auto=True
[17:01:10] ensure_page cur_sc=10 prefer_sc=10 cur=https://www.genspark.ai/ai_image prefer=https://www.genspark.ai/ai_image
[17:01:12] fill OK(clip) follow=False chars=71881
[17:01:13] 입력창 붙여넣기 — 프롬프트 45379자 + SRT 26459자 = 합계 71881자
  prompt=C:/cursor/videt/2_5_sceneImage/md/image.검신회귀록.txt
  srt=C:\cursor\videt\무협극장\검신귀환록\1부\10장\mp3\new.srt
[17:01:14] ensure_page cur_sc=10 prefer_sc=10 cur=https://www.genspark.ai/ai_image prefer=https://www.genspark.ai/ai_image
[17:01:15] 동일 입력창에 명령 추가(미실행): ===== SRT [435, 450) =====
그늘에서 그 서재의 창을 응시했다. 그리고 그는
조용히 자기 자신에게 물었다. ' 저사람 은저
노인의 도구인가. ' '저사 람 이저 만두두
개를 얹어 주었던 것도 — 조작이었나. '진무한은
아주 오래 침묵했다. 그리고 그는 마침내

SRT_435 이미지를 지금 실제로 생성.…
[17:01:16] run_scene 시작 SRT_435 · seen_files=29 · last_saved=https://www.genspark.ai/api/files/s/xobki4yr
[17:01:16] ensure_page cur_sc=10 prefer_sc=10 cur=https://www.genspark.ai/ai_image prefer=https://www.genspark.ai/ai_image
[17:01:16] 모델 선택 시작 현재=(없음)
[17:01:16] 모델 선택 결과 ok=False 칩=(없음) picked=
[17:01:16] ⏱ 준비 SRT_435 0.1s · chars=344
[17:01:16] submit 시작 composer=72233 url=https://www.genspark.ai/ai_image
[17:01:16] submit geo=corner-live x=1082 y=478
[17:01:16] submit 시도 method=geo geo=True
[17:01:17] submit 미확인 method=geo generating=False composer=72233
[17:01:18] submit geo=corner-live x=1082 y=478
[17:01:18] submit 시도 method=send send=True
[17:01:18] submit 미확인 method=send generating=False composer=72233
[17:01:18] submit 시도 method=ctrl
[17:01:19] submit 미확인 method=ctrl generating=False composer=72233
[17:01:19] submit 시도 method=enter
[17:01:20] submit 확인 method=enter generating=False composer=0
[17:01:20] ⏱ 입력창전송 SRT_435 4.2s
[17:01:20] 제출 후 last_saved=https://www.genspark.ai/api/files/s/xobki4yr
[17:01:20] ⏱ 생성대기 시작 SRT_435 max=120s
[17:01:35] ⏱ 생성대기 진행 15.0s SRT_435 busy=False url_ok=False
[17:01:45] ⏱ 생성대기 완료(busy무시) 24.9s SRT_435 https://www.genspark.ai/api/files/s/oue4ywpy
[17:01:45] ⏱ 생성대기구간 SRT_435 24.9s · ok=True
[17:01:45] SRT_435 근접 이미지 https://www.genspark.ai/api/files/s/oue4ywpy
[17:01:45] 다운로드 files URL=https://www.genspark.ai/api/files/s/oue4ywpy → SRT_435.png
[17:01:46] ⏱ 다운로드 직접실패 0.3s · 페이지 fetch 재시도: HTTP Error 403: Forbidden
[17:01:46] ⏱ 다운로드 fetch 0.1s size=630079 SRT_435.png
[17:01:46] ⏱ 다운로드구간 SRT_435 0.4s · SRT_435.png
[17:01:48] ⏱ 다운로드후유휴 SRT_435 2.8s · idle=True
[17:01:48] ⏱ 씬합계 SRT_435 32.6s · https://www.genspark.ai/api/files/s/oue4ywpy
[17:01:48] SRT_435 생성·다운로드 완료
C:\cursor\videt\무협극장\검신귀환록\1부\10장\png\SRT_435.png
[17:01:49] run_scene 시작 SRT_450 · seen_files=30 · last_saved=https://www.genspark.ai/api/files/s/oue4ywpy
[17:01:49] ⏱ 준비 SRT_450 0.0s · chars=315
[17:01:50] ⏱ 다음명령유휴 SRT_450 1.3s · idle=True
[17:01:50] fill OK follow=True chars=315 url=https://www.genspark.ai/agents?id=d1f5f2f8-4d7a-4196-89c4-cc4c2be0e35d
[17:01:50] submit 시작 composer=315 url=https://www.genspark.ai/agents?id=d1f5f2f8-4d7a-4196-89c4-cc4c2be0e35d
[17:01:51] submit geo=corner-live x=546 y=812
[17:01:51] submit 시도 method=geo geo=True
[17:01:51] submit 미확인 method=geo generating=False composer=315
[17:01:52] submit geo=corner-live x=546 y=812
[17:01:52] submit 시도 method=send send=True
[17:01:53] submit 미확인 method=send generating=False composer=315
[17:01:53] submit 시도 method=ctrl
[17:01:53] submit 미확인 method=ctrl generating=False composer=315
[17:01:53] submit 시도 method=enter
[17:01:54] submit 확인 method=enter generating=False composer=0
[17:01:54] ⏱ 입력·전송 SRT_450 4.0s · chars=315
[17:01:54] 제출 후 last_saved=https://www.genspark.ai/api/files/s/oue4ywpy
[17:01:54] ⏱ 생성대기 시작 SRT_450 max=120s
[17:02:09] ⏱ 생성대기 완료(busy무시) 14.5s SRT_450 https://www.genspark.ai/api/files/s/7uqojbtx
[17:02:09] ⏱ 생성대기구간 SRT_450 14.5s · ok=True
[17:02:09] SRT_450 근접 이미지 https://www.genspark.ai/api/files/s/7uqojbtx
[17:02:09] 다운로드 files URL=https://www.genspark.ai/api/files/s/7uqojbtx → SRT_450.png
[17:02:09] ⏱ 다운로드 직접실패 0.2s · 페이지 fetch 재시도: HTTP Error 403: Forbidden
[17:02:09] ⏱ 다운로드 fetch 0.1s size=712594 SRT_450.png
[17:02:09] ⏱ 다운로드구간 SRT_450 0.3s · SRT_450.png
[17:02:14] ⏱ 다운로드후유휴 SRT_450 4.9s · idle=True
[17:02:14] ⏱ 씬합계 SRT_450 25.3s · https://www.genspark.ai/api/files/s/7uqojbtx
[17:02:14] SRT_450 생성·다운로드 완료
C:\cursor\videt\무협극장\검신귀환록\1부\10장\png\SRT_450.png
[17:02:14] run_scene 시작 SRT_465 · seen_files=31 · last_saved=https://www.genspark.ai/api/files/s/7uqojbtx
[17:02:14] ⏱ 준비 SRT_465 0.0s · chars=347
[17:02:15] ⏱ 다음명령유휴 SRT_465 1.3s · idle=True
[17:02:16] fill OK follow=True chars=347 url=https://www.genspark.ai/agents?id=d1f5f2f8-4d7a-4196-89c4-cc4c2be0e35d
[17:02:16] submit 시작 composer=347 url=https://www.genspark.ai/agents?id=d1f5f2f8-4d7a-4196-89c4-cc4c2be0e35d
[17:02:16] submit geo=corner-live x=546 y=812
[17:02:16] submit 시도 method=geo geo=True
[17:02:17] submit 미확인 method=geo generating=False composer=347
[17:02:18] submit geo=corner-live x=546 y=812
[17:02:18] submit 시도 method=send send=True
[17:02:18] submit 미확인 method=send generating=False composer=347
[17:02:18] submit 시도 method=ctrl
[17:02:19] submit 미확인 method=ctrl generating=False composer=347
[17:02:19] submit 시도 method=enter
[17:02:19] submit 확인 method=enter generating=False composer=0
[17:02:19] ⏱ 입력·전송 SRT_465 3.9s · chars=347
[17:02:19] 제출 후 last_saved=https://www.genspark.ai/api/files/s/7uqojbtx
[17:02:20] ⏱ 생성대기 시작 SRT_465 max=120s
[17:02:34] ⏱ 생성대기 완료 14.7s SRT_465 https://www.genspark.ai/api/files/s/d7jgvo0y
[17:02:34] ⏱ 생성대기구간 SRT_465 14.7s · ok=True
[17:02:34] SRT_465 근접 이미지 https://www.genspark.ai/api/files/s/d7jgvo0y
[17:02:34] 다운로드 files URL=https://www.genspark.ai/api/files/s/d7jgvo0y → SRT_465.png
[17:02:35] ⏱ 다운로드 직접실패 0.3s · 페이지 fetch 재시도: HTTP Error 403: Forbidden
[17:02:35] ⏱ 다운로드 fetch 0.1s size=603681 SRT_465.png
[17:02:35] ⏱ 다운로드구간 SRT_465 0.3s · SRT_465.png
[17:02:42] ⏱ 다운로드후유휴 SRT_465 7.4s · idle=True
[17:02:42] ⏱ 씬합계 SRT_465 27.9s · https://www.genspark.ai/api/files/s/d7jgvo0y
[17:02:42] SRT_465 생성·다운로드 완료
C:\cursor\videt\무협극장\검신귀환록\1부\10장\png\SRT_465.png
[17:02:42] run_scene 시작 SRT_480 · seen_files=32 · last_saved=https://www.genspark.ai/api/files/s/d7jgvo0y
[17:02:42] ⏱ 준비 SRT_480 0.0s · chars=318
[17:02:44] ⏱ 다음명령유휴 SRT_480 1.3s · idle=True
[17:02:44] fill OK follow=True chars=318 url=https://www.genspark.ai/agents?id=d1f5f2f8-4d7a-4196-89c4-cc4c2be0e35d
[17:02:44] submit 시작 composer=318 url=https://www.genspark.ai/agents?id=d1f5f2f8-4d7a-4196-89c4-cc4c2be0e35d
[17:02:44] submit geo=corner-live x=546 y=812
[17:02:44] submit 시도 method=geo geo=True
[17:02:45] submit 미확인 method=geo generating=False composer=318
[17:02:46] submit geo=corner-live x=546 y=812
[17:02:46] submit 시도 method=send send=True
[17:02:46] submit 미확인 method=send generating=False composer=318
[17:02:46] submit 시도 method=ctrl
[17:02:47] submit 미확인 method=ctrl generating=False composer=318
[17:02:47] submit 시도 method=enter
[17:02:47] submit 확인 method=enter generating=False composer=0
[17:02:47] ⏱ 입력·전송 SRT_480 4.0s · chars=318
[17:02:47] 제출 후 last_saved=https://www.genspark.ai/api/files/s/d7jgvo0y
[17:02:48] ⏱ 생성대기 시작 SRT_480 max=120s
[17:03:01] ⏱ 생성대기 완료 13.3s SRT_480 https://www.genspark.ai/api/files/s/rc3cljfk
[17:03:01] ⏱ 생성대기구간 SRT_480 13.3s · ok=True
[17:03:01] SRT_480 근접 이미지 https://www.genspark.ai/api/files/s/rc3cljfk
[17:03:01] 다운로드 files URL=https://www.genspark.ai/api/files/s/rc3cljfk → SRT_480.png
[17:03:01] ⏱ 다운로드 직접실패 0.3s · 페이지 fetch 재시도: HTTP Error 403: Forbidden
[17:03:01] ⏱ 다운로드 fetch 0.1s size=689722 SRT_480.png
[17:03:01] ⏱ 다운로드구간 SRT_480 0.4s · SRT_480.png
[17:03:03] ⏱ 다운로드후유휴 SRT_480 1.3s · idle=True
[17:03:03] ⏱ 씬합계 SRT_480 20.5s · https://www.genspark.ai/api/files/s/rc3cljfk
[17:03:03] SRT_480 생성·다운로드 완료
C:\cursor\videt\무협극장\검신귀환록\1부\10장\png\SRT_480.png
[17:03:03] run_scene 시작 SRT_495 · seen_files=33 · last_saved=https://www.genspark.ai/api/files/s/rc3cljfk
[17:03:03] ⏱ 준비 SRT_495 0.0s · chars=330
[17:03:10] ⏱ 다음명령유휴 SRT_495 7.0s · idle=True
[17:03:10] fill OK follow=True chars=330 url=https://www.genspark.ai/agents?id=d1f5f2f8-4d7a-4196-89c4-cc4c2be0e35d
[17:03:10] submit 시작 composer=330 url=https://www.genspark.ai/agents?id=d1f5f2f8-4d7a-4196-89c4-cc4c2be0e35d
[17:03:11] submit geo=corner-live x=546 y=812
[17:03:11] submit 시도 method=geo geo=True
[17:03:11] submit 미확인 method=geo generating=False composer=330
[17:03:12] submit geo=corner-live x=546 y=812
[17:03:12] submit 시도 method=send send=True
[17:03:13] submit 미확인 method=send generating=False composer=330
[17:03:13] submit 시도 method=ctrl
[17:03:13] submit 미확인 method=ctrl generating=False composer=330
[17:03:13] submit 시도 method=enter
[17:03:14] submit 확인 method=enter generating=False composer=0
[17:03:14] ⏱ 입력·전송 SRT_495 3.9s · chars=330
[17:03:14] 제출 후 last_saved=https://www.genspark.ai/api/files/s/rc3cljfk
[17:03:14] ⏱ 생성대기 시작 SRT_495 max=120s
[17:03:25] ⏱ 생성대기 완료 11.0s SRT_495 https://www.genspark.ai/api/files/s/cafnybej
[17:03:25] ⏱ 생성대기구간 SRT_495 11.0s · ok=True
[17:03:25] SRT_495 근접 이미지 https://www.genspark.ai/api/files/s/cafnybej
[17:03:25] 다운로드 files URL=https://www.genspark.ai/api/files/s/cafnybej → SRT_495.png
[17:03:25] ⏱ 다운로드 직접실패 0.3s · 페이지 fetch 재시도: HTTP Error 403: Forbidden
[17:03:25] ⏱ 다운로드 fetch 0.1s size=617472 SRT_495.png
[17:03:25] ⏱ 다운로드구간 SRT_495 0.3s · SRT_495.png
[17:03:31] ⏱ 다운로드후유휴 SRT_495 6.0s · idle=True
[17:03:31] ⏱ 씬합계 SRT_495 28.6s · https://www.genspark.ai/api/files/s/cafnybej
[17:03:31] SRT_495 생성·다운로드 완료
C:\cursor\videt\무협극장\검신귀환록\1부\10장\png\SRT_495.png
[17:03:32] run_scene 시작 SRT_510 · seen_files=34 · last_saved=https://www.genspark.ai/api/files/s/cafnybej
[17:03:32] ⏱ 준비 SRT_510 0.0s · chars=341
[17:03:33] ⏱ 다음명령유휴 SRT_510 1.3s · idle=True
[17:03:33] fill OK follow=True chars=341 url=https://www.genspark.ai/agents?id=d1f5f2f8-4d7a-4196-89c4-cc4c2be0e35d
[17:03:33] submit 시작 composer=341 url=https://www.genspark.ai/agents?id=d1f5f2f8-4d7a-4196-89c4-cc4c2be0e35d
[17:03:34] submit geo=corner-live x=546 y=812
[17:03:34] submit 시도 method=geo geo=True
[17:03:35] submit 미확인 method=geo generating=False composer=341
[17:03:35] submit geo=corner-live x=546 y=812
[17:03:35] submit 시도 method=send send=True
[17:03:36] submit 미확인 method=send generating=False composer=341
[17:03:36] submit 시도 method=ctrl
[17:03:36] submit 미확인 method=ctrl generating=False composer=341
[17:03:36] submit 시도 method=enter
[17:03:37] submit 확인 method=enter generating=False composer=0
[17:03:37] ⏱ 입력·전송 SRT_510 4.0s · chars=341
[17:03:37] 제출 후 last_saved=https://www.genspark.ai/api/files/s/cafnybej
[17:03:37] ⏱ 생성대기 시작 SRT_510 max=120s
[17:03:49] ⏱ 생성대기 완료 12.1s SRT_510 https://www.genspark.ai/api/files/s/hr5h53jn
[17:03:49] ⏱ 생성대기구간 SRT_510 12.1s · ok=True
[17:03:49] 폴백: 미수신 api/files https://www.genspark.ai/api/files/s/hr5h53jn
[17:03:49] 다운로드 files URL=https://www.genspark.ai/api/files/s/hr5h53jn → SRT_510.png
[17:03:50] ⏱ 다운로드 직접실패 0.3s · 페이지 fetch 재시도: HTTP Error 403: Forbidden
[17:03:50] ⏱ 다운로드 fetch 0.1s size=656867 SRT_510.png
[17:03:50] ⏱ 다운로드구간 SRT_510 0.4s · SRT_510.png
[17:03:55] ⏱ 다운로드후유휴 SRT_510 4.9s · idle=True
[17:03:55] ⏱ 씬합계 SRT_510 23.0s · https://www.genspark.ai/api/files/s/hr5h53jn
[17:03:55] SRT_510 생성·다운로드 완료
C:\cursor\videt\무협극장\검신귀환록\1부\10장\png\SRT_510.png
[17:03:55] run_scene 시작 SRT_525 · seen_files=35 · last_saved=https://www.genspark.ai/api/files/s/hr5h53jn
[17:03:55] ⏱ 준비 SRT_525 0.0s · chars=342
[17:03:56] ⏱ 다음명령유휴 SRT_525 1.3s · idle=True
[17:03:57] fill OK follow=True chars=342 url=https://www.genspark.ai/agents?id=d1f5f2f8-4d7a-4196-89c4-cc4c2be0e35d
[17:03:57] submit 시작 composer=342 url=https://www.genspark.ai/agents?id=d1f5f2f8-4d7a-4196-89c4-cc4c2be0e35d
[17:03:57] submit geo=corner-live x=546 y=812
[17:03:57] submit 시도 method=geo geo=True
[17:03:58] submit 미확인 method=geo generating=False composer=342
[17:03:58] submit geo=corner-live x=546 y=812
[17:03:58] submit 시도 method=send send=True
[17:03:59] submit 미확인 method=send generating=False composer=342
[17:03:59] submit 시도 method=ctrl
[17:03:59] submit 미확인 method=ctrl generating=False composer=342
[17:03:59] submit 시도 method=enter
[17:04:00] submit 확인 method=enter generating=False composer=0
[17:04:00] ⏱ 입력·전송 SRT_525 3.9s · chars=342
[17:04:00] 제출 후 last_saved=https://www.genspark.ai/api/files/s/hr5h53jn
[17:04:00] ⏱ 생성대기 시작 SRT_525 max=120s
[17:04:15] ⏱ 생성대기 진행 15.3s SRT_525 busy=False url_ok=False
[17:04:17] ⏱ 생성대기 완료 16.5s SRT_525 https://www.genspark.ai/api/files/s/edrnd3kv
[17:04:17] ⏱ 생성대기구간 SRT_525 16.5s · ok=True
[17:04:17] SRT_525 근접 이미지 https://www.genspark.ai/api/files/s/edrnd3kv
[17:04:17] 다운로드 files URL=https://www.genspark.ai/api/files/s/edrnd3kv → SRT_525.png
[17:04:17] ⏱ 다운로드 직접실패 0.3s · 페이지 fetch 재시도: HTTP Error 403: Forbidden
[17:04:17] ⏱ 다운로드 fetch 0.1s size=750811 SRT_525.png
[17:04:17] ⏱ 다운로드구간 SRT_525 0.4s · SRT_525.png
[17:04:21] ⏱ 다운로드후유휴 SRT_525 4.4s · idle=True
[17:04:21] ⏱ 씬합계 SRT_525 26.7s · https://www.genspark.ai/api/files/s/edrnd3kv
[17:04:21] SRT_525 생성·다운로드 완료
C:\cursor\videt\무협극장\검신귀환록\1부\10장\png\SRT_525.png
[17:04:22] run_scene 시작 SRT_540 · seen_files=36 · last_saved=https://www.genspark.ai/api/files/s/edrnd3kv
[17:04:22] ⏱ 준비 SRT_540 0.0s · chars=339
[17:04:23] ⏱ 다음명령유휴 SRT_540 1.2s · idle=True
[17:04:23] fill OK follow=True chars=339 url=https://www.genspark.ai/agents?id=d1f5f2f8-4d7a-4196-89c4-cc4c2be0e35d
[17:04:23] submit 시작 composer=339 url=https://www.genspark.ai/agents?id=d1f5f2f8-4d7a-4196-89c4-cc4c2be0e35d
[17:04:24] submit geo=corner-live x=546 y=812
[17:04:24] submit 시도 method=geo geo=True
[17:04:24] submit 미확인 method=geo generating=False composer=339
[17:04:25] submit geo=corner-live x=546 y=812
[17:04:25] submit 시도 method=send send=True
[17:04:26] submit 미확인 method=send generating=False composer=339
[17:04:26] submit 시도 method=ctrl
[17:04:26] submit 미확인 method=ctrl generating=False composer=339
[17:04:26] submit 시도 method=enter
[17:04:27] submit 확인 method=enter generating=False composer=0
[17:04:27] ⏱ 입력·전송 SRT_540 4.0s · chars=339
[17:04:27] 제출 후 last_saved=https://www.genspark.ai/api/files/s/edrnd3kv
[17:04:27] ⏱ 생성대기 시작 SRT_540 max=120s
[17:04:42] ⏱ 생성대기 진행 15.0s SRT_540 busy=False url_ok=False
[17:04:46] ⏱ 생성대기 완료(busy무시) 18.8s SRT_540 https://www.genspark.ai/api/files/s/s7jqas5r
[17:04:46] ⏱ 생성대기구간 SRT_540 18.8s · ok=True
[17:04:46] SRT_540 근접 이미지 https://www.genspark.ai/api/files/s/s7jqas5r
[17:04:46] 다운로드 files URL=https://www.genspark.ai/api/files/s/s7jqas5r → SRT_540.png
[17:04:46] ⏱ 다운로드 직접실패 0.3s · 페이지 fetch 재시도: HTTP Error 403: Forbidden
[17:04:46] ⏱ 다운로드 fetch 0.1s size=589176 SRT_540.png
[17:04:46] ⏱ 다운로드구간 SRT_540 0.3s · SRT_540.png
[17:04:48] ⏱ 다운로드후유휴 SRT_540 1.9s · idle=True
[17:04:48] ⏱ 씬합계 SRT_540 26.5s · https://www.genspark.ai/api/files/s/s7jqas5r
[17:04:48] SRT_540 생성·다운로드 완료
C:\cursor\videt\무협극장\검신귀환록\1부\10장\png\SRT_540.png
[17:04:48] run_scene 시작 SRT_555 · seen_files=37 · last_saved=https://www.genspark.ai/api/files/s/s7jqas5r
[17:04:48] ⏱ 준비 SRT_555 0.0s · chars=355
[17:04:50] ⏱ 다음명령유휴 SRT_555 1.4s · idle=True
[17:04:50] fill OK follow=True chars=355 url=https://www.genspark.ai/agents?id=d1f5f2f8-4d7a-4196-89c4-cc4c2be0e35d
[17:04:50] submit 시작 composer=355 url=https://www.genspark.ai/agents?id=d1f5f2f8-4d7a-4196-89c4-cc4c2be0e35d
[17:04:51] submit geo=corner-live x=546 y=812
[17:04:51] submit 시도 method=geo geo=True
[17:04:51] submit 미확인 method=geo generating=False composer=355
[17:04:52] submit geo=corner-live x=546 y=812
[17:04:52] submit 시도 method=send send=True
[17:04:52] submit 미확인 method=send generating=False composer=355
[17:04:52] submit 시도 method=ctrl
[17:04:53] submit 미확인 method=ctrl generating=False composer=355
[17:04:53] submit 시도 method=enter
[17:04:54] submit 확인 method=enter generating=False composer=0
[17:04:54] ⏱ 입력·전송 SRT_555 4.0s · chars=355
[17:04:54] 제출 후 last_saved=https://www.genspark.ai/api/files/s/s7jqas5r
[17:04:54] ⏱ 생성대기 시작 SRT_555 max=120s
[17:05:09] ⏱ 생성대기 진행 15.0s SRT_555 busy=False url_ok=False
[17:05:10] ⏱ 생성대기 완료(busy무시) 16.0s SRT_555 https://www.genspark.ai/api/files/s/t2veoqt9
[17:05:10] ⏱ 생성대기구간 SRT_555 16.0s · ok=True
[17:05:10] SRT_555 근접 이미지 https://www.genspark.ai/api/files/s/t2veoqt9
[17:05:10] 다운로드 files URL=https://www.genspark.ai/api/files/s/t2veoqt9 → SRT_555.png
[17:05:10] ⏱ 다운로드 직접실패 0.5s · 페이지 fetch 재시도: HTTP Error 403: Forbidden
[17:05:10] ⏱ 다운로드 fetch 0.1s size=600244 SRT_555.png
[17:05:10] ⏱ 다운로드구간 SRT_555 0.5s · SRT_555.png
[17:05:14] ⏱ 다운로드후유휴 SRT_555 4.0s · idle=True
[17:05:14] ⏱ 씬합계 SRT_555 26.1s · https://www.genspark.ai/api/files/s/t2veoqt9
[17:05:14] SRT_555 생성·다운로드 완료
C:\cursor\videt\무협극장\검신귀환록\1부\10장\png\SRT_555.png
[17:05:14] run_scene 시작 SRT_570 · seen_files=38 · last_saved=https://www.genspark.ai/api/files/s/t2veoqt9
[17:05:14] ⏱ 준비 SRT_570 0.0s · chars=331
[17:05:16] ⏱ 다음명령유휴 SRT_570 1.3s · idle=True
[17:05:16] fill OK follow=True chars=331 url=https://www.genspark.ai/agents?id=d1f5f2f8-4d7a-4196-89c4-cc4c2be0e35d
[17:05:16] submit 시작 composer=331 url=https://www.genspark.ai/agents?id=d1f5f2f8-4d7a-4196-89c4-cc4c2be0e35d
[17:05:17] submit geo=corner-live x=546 y=812
[17:05:17] submit 시도 method=geo geo=True
[17:05:17] submit 미확인 method=geo generating=False composer=331
[17:05:18] submit geo=corner-live x=546 y=812
[17:05:18] submit 시도 method=send send=True
[17:05:18] submit 미확인 method=send generating=False composer=331
[17:05:19] submit 시도 method=ctrl
[17:05:19] submit 미확인 method=ctrl generating=False composer=331
[17:05:19] submit 시도 method=enter
[17:05:20] submit 확인 method=enter generating=False composer=0
[17:05:20] ⏱ 입력·전송 SRT_570 4.0s · chars=331
[17:05:20] 제출 후 last_saved=https://www.genspark.ai/api/files/s/t2veoqt9
[17:05:20] ⏱ 생성대기 시작 SRT_570 max=120s
[17:05:33] ⏱ 생성대기 완료 12.6s SRT_570 https://www.genspark.ai/api/files/s/ebdi94uj
[17:05:33] ⏱ 생성대기구간 SRT_570 12.6s · ok=True
[17:05:33] 폴백: 미수신 api/files https://www.genspark.ai/api/files/s/ebdi94uj
[17:05:33] 다운로드 files URL=https://www.genspark.ai/api/files/s/ebdi94uj → SRT_570.png
[17:05:33] ⏱ 다운로드 직접실패 0.3s · 페이지 fetch 재시도: HTTP Error 403: Forbidden
[17:05:33] ⏱ 다운로드 fetch 0.2s size=522557 SRT_570.png
[17:05:33] ⏱ 다운로드구간 SRT_570 0.6s · SRT_570.png
[17:05:37] ⏱ 다운로드후유휴 SRT_570 3.5s · idle=True
[17:05:37] ⏱ 씬합계 SRT_570 22.2s · https://www.genspark.ai/api/files/s/ebdi94uj
[17:05:37] SRT_570 생성·다운로드 완료
C:\cursor\videt\무협극장\검신귀환록\1부\10장\png\SRT_570.png
[17:05:37] run_scene 시작 SRT_585 · seen_files=39 · last_saved=https://www.genspark.ai/api/files/s/ebdi94uj
[17:05:37] ⏱ 준비 SRT_585 0.0s · chars=336
[17:05:38] ⏱ 다음명령유휴 SRT_585 1.4s · idle=True
[17:05:39] fill OK follow=True chars=336 url=https://www.genspark.ai/agents?id=d1f5f2f8-4d7a-4196-89c4-cc4c2be0e35d
[17:05:39] submit 시작 composer=336 url=https://www.genspark.ai/agents?id=d1f5f2f8-4d7a-4196-89c4-cc4c2be0e35d
[17:05:39] submit geo=corner-live x=546 y=812
[17:05:39] submit 시도 method=geo geo=True
[17:05:40] submit 미확인 method=geo generating=False composer=336
[17:05:40] submit geo=corner-live x=546 y=812
[17:05:40] submit 시도 method=send send=True
[17:05:41] submit 미확인 method=send generating=False composer=336
[17:05:41] submit 시도 method=ctrl
[17:05:42] submit 미확인 method=ctrl generating=False composer=336
[17:05:42] submit 시도 method=enter
[17:05:42] submit 확인 method=enter generating=False composer=0
[17:05:42] ⏱ 입력·전송 SRT_585 4.0s · chars=336
[17:05:42] 제출 후 last_saved=https://www.genspark.ai/api/files/s/ebdi94uj
[17:05:42] ⏱ 생성대기 시작 SRT_585 max=120s
[17:05:58] ⏱ 생성대기 진행 15.4s SRT_585 busy=True url_ok=True
[17:05:58] ⏱ 생성대기 완료(busy무시) 15.8s SRT_585 https://www.genspark.ai/api/files/s/lmbrkvd2
[17:05:58] ⏱ 생성대기구간 SRT_585 15.8s · ok=True
[17:05:58] SRT_585 근접 이미지 https://www.genspark.ai/api/files/s/lmbrkvd2
[17:05:58] 다운로드 files URL=https://www.genspark.ai/api/files/s/lmbrkvd2 → SRT_585.png
[17:05:59] ⏱ 다운로드 직접실패 0.3s · 페이지 fetch 재시도: HTTP Error 403: Forbidden
[17:05:59] ⏱ 다운로드 fetch 0.1s size=541043 SRT_585.png
[17:05:59] ⏱ 다운로드구간 SRT_585 0.3s · SRT_585.png
[17:06:00] ⏱ 다운로드후유휴 SRT_585 1.9s · idle=True
[17:06:00] ⏱ 씬합계 SRT_585 23.6s · https://www.genspark.ai/api/files/s/lmbrkvd2
[17:06:00] SRT_585 생성·다운로드 완료
C:\cursor\videt\무협극장\검신귀환록\1부\10장\png\SRT_585.png
[17:06:01] run_scene 시작 SRT_600 · seen_files=40 · last_saved=https://www.genspark.ai/api/files/s/lmbrkvd2
[17:06:01] ⏱ 준비 SRT_600 0.0s · chars=331
[17:06:02] ⏱ 다음명령유휴 SRT_600 1.3s · idle=True
[17:06:03] fill OK follow=True chars=331 url=https://www.genspark.ai/agents?id=d1f5f2f8-4d7a-4196-89c4-cc4c2be0e35d
[17:06:03] submit 시작 composer=331 url=https://www.genspark.ai/agents?id=d1f5f2f8-4d7a-4196-89c4-cc4c2be0e35d
[17:06:03] submit geo=corner-live x=546 y=812
[17:06:03] submit 시도 method=geo geo=True
[17:06:04] submit 미확인 method=geo generating=False composer=331
[17:06:04] submit geo=corner-live x=546 y=812
[17:06:04] submit 시도 method=send send=True
[17:06:05] submit 미확인 method=send generating=False composer=331
[17:06:05] submit 시도 method=ctrl
[17:06:05] submit 미확인 method=ctrl generating=False composer=331
[17:06:05] submit 시도 method=enter
[17:06:06] submit 확인 method=enter generating=False composer=0
[17:06:06] ⏱ 입력·전송 SRT_600 4.1s · chars=331
[17:06:06] 제출 후 last_saved=https://www.genspark.ai/api/files/s/lmbrkvd2
[17:06:06] ⏱ 생성대기 시작 SRT_600 max=120s
[17:06:19] ⏱ 생성대기 완료 12.9s SRT_600 https://www.genspark.ai/api/files/s/awt0hz1j
[17:06:19] ⏱ 생성대기구간 SRT_600 12.9s · ok=True
[17:06:19] SRT_600 근접 이미지 https://www.genspark.ai/api/files/s/awt0hz1j
[17:06:19] 다운로드 files URL=https://www.genspark.ai/api/files/s/awt0hz1j → SRT_600.png
[17:06:19] ⏱ 다운로드 직접실패 0.3s · 페이지 fetch 재시도: HTTP Error 403: Forbidden
[17:06:20] ⏱ 다운로드 fetch 0.1s size=748632 SRT_600.png
[17:06:20] ⏱ 다운로드구간 SRT_600 0.3s · SRT_600.png
[17:06:24] ⏱ 다운로드후유휴 SRT_600 4.4s · idle=True
[17:06:24] ⏱ 씬합계 SRT_600 23.3s · https://www.genspark.ai/api/files/s/awt0hz1j
[17:06:24] SRT_600 생성·다운로드 완료
C:\cursor\videt\무협극장\검신귀환록\1부\10장\png\SRT_600.png
[17:06:24] run_scene 시작 SRT_615 · seen_files=41 · last_saved=https://www.genspark.ai/api/files/s/awt0hz1j
[17:06:24] ⏱ 준비 SRT_615 0.0s · chars=289
[17:06:26] ⏱ 다음명령유휴 SRT_615 2.0s · idle=True
[17:06:27] fill OK follow=True chars=289 url=https://www.genspark.ai/agents?id=d1f5f2f8-4d7a-4196-89c4-cc4c2be0e35d
[17:06:27] submit 시작 composer=289 url=https://www.genspark.ai/agents?id=d1f5f2f8-4d7a-4196-89c4-cc4c2be0e35d
[17:06:28] submit geo=corner-live x=546 y=812
[17:06:28] submit 시도 method=geo geo=True
[17:06:28] submit 미확인 method=geo generating=False composer=289
[17:06:29] submit geo=corner-live x=546 y=812
[17:06:29] submit 시도 method=send send=True
[17:06:29] submit 미확인 method=send generating=False composer=289
[17:06:30] submit 시도 method=ctrl
[17:06:30] submit 미확인 method=ctrl generating=False composer=289
[17:06:30] submit 시도 method=enter
[17:06:31] submit 확인 method=enter generating=False composer=0
[17:06:31] ⏱ 입력·전송 SRT_615 4.8s · chars=289
[17:06:31] 제출 후 last_saved=https://www.genspark.ai/api/files/s/awt0hz1j
[17:06:31] ⏱ 생성대기 시작 SRT_615 max=120s
[17:06:46] ⏱ 생성대기 진행 15.0s SRT_615 busy=False url_ok=False
[17:06:47] ⏱ 생성대기 완료(busy무시) 15.9s SRT_615 https://www.genspark.ai/api/files/s/wreuivxg
[17:06:47] ⏱ 생성대기구간 SRT_615 15.9s · ok=True
[17:06:47] SRT_615 근접 이미지 https://www.genspark.ai/api/files/s/wreuivxg
[17:06:47] 다운로드 files URL=https://www.genspark.ai/api/files/s/wreuivxg → SRT_615.png
[17:06:47] ⏱ 다운로드 직접실패 0.3s · 페이지 fetch 재시도: HTTP Error 403: Forbidden
[17:06:47] ⏱ 다운로드 fetch 0.1s size=679562 SRT_615.png
[17:06:47] ⏱ 다운로드구간 SRT_615 0.4s · SRT_615.png
[17:06:49] ⏱ 다운로드후유휴 SRT_615 2.0s · idle=True
[17:06:49] ⏱ 씬합계 SRT_615 25.3s · https://www.genspark.ai/api/files/s/wreuivxg
[17:06:49] SRT_615 생성·다운로드 완료
C:\cursor\videt\무협극장\검신귀환록\1부\10장\png\SRT_615.png
[17:06:50] run_scene 시작 SRT_630 · seen_files=42 · last_saved=https://www.genspark.ai/api/files/s/wreuivxg
[17:06:50] ⏱ 준비 SRT_630 0.0s · chars=342
[17:06:51] ⏱ 다음명령유휴 SRT_630 1.5s · idle=True
[17:06:52] fill OK follow=True chars=342 url=https://www.genspark.ai/agents?id=d1f5f2f8-4d7a-4196-89c4-cc4c2be0e35d
[17:06:52] submit 시작 composer=342 url=https://www.genspark.ai/agents?id=d1f5f2f8-4d7a-4196-89c4-cc4c2be0e35d
[17:06:52] submit geo=corner-live x=546 y=812
[17:06:52] submit 시도 method=geo geo=True
[17:06:53] submit 미확인 method=geo generating=False composer=342
[17:06:53] submit geo=corner-live x=546 y=812
[17:06:53] submit 시도 method=send send=True
[17:06:54] submit 미확인 method=send generating=False composer=342
[17:06:54] submit 시도 method=ctrl
[17:06:55] submit 미확인 method=ctrl generating=False composer=342
[17:06:55] submit 시도 method=enter
[17:06:55] submit 확인 method=enter generating=False composer=0
[17:06:55] ⏱ 입력·전송 SRT_630 4.2s · chars=342
[17:06:55] 제출 후 last_saved=https://www.genspark.ai/api/files/s/wreuivxg
[17:06:55] ⏱ 생성대기 시작 SRT_630 max=120s
[17:07:09] ⏱ 생성대기 완료 13.6s SRT_630 https://www.genspark.ai/api/files/s/q1jvmcuz
[17:07:09] ⏱ 생성대기구간 SRT_630 13.6s · ok=True
[17:07:09] 폴백: 미수신 api/files https://www.genspark.ai/api/files/s/q1jvmcuz
[17:07:09] 다운로드 files URL=https://www.genspark.ai/api/files/s/q1jvmcuz → SRT_630.png
[17:07:09] ⏱ 다운로드 직접실패 0.3s · 페이지 fetch 재시도: HTTP Error 403: Forbidden
[17:07:09] ⏱ 다운로드 fetch 0.1s size=761845 SRT_630.png
[17:07:09] ⏱ 다운로드구간 SRT_630 0.4s · SRT_630.png
[17:07:12] ⏱ 다운로드후유휴 SRT_630 2.5s · idle=True
[17:07:12] ⏱ 씬합계 SRT_630 22.4s · https://www.genspark.ai/api/files/s/q1jvmcuz
[17:07:12] SRT_630 생성·다운로드 완료
C:\cursor\videt\무협극장\검신귀환록\1부\10장\png\SRT_630.png
[17:07:12] run_scene 시작 SRT_645 · seen_files=43 · last_saved=https://www.genspark.ai/api/files/s/q1jvmcuz
[17:07:12] ⏱ 준비 SRT_645 0.0s · chars=332
[17:07:14] ⏱ 다음명령유휴 SRT_645 1.5s · idle=True
[17:07:14] fill OK follow=True chars=332 url=https://www.genspark.ai/agents?id=d1f5f2f8-4d7a-4196-89c4-cc4c2be0e35d
[17:07:14] submit 시작 composer=332 url=https://www.genspark.ai/agents?id=d1f5f2f8-4d7a-4196-89c4-cc4c2be0e35d
[17:07:15] submit geo=corner-live x=546 y=812
[17:07:15] submit 시도 method=geo geo=True
[17:07:16] submit 미확인 method=geo generating=False composer=332
[17:07:16] submit geo=corner-live x=546 y=812
[17:07:16] submit 시도 method=send send=True
[17:07:17] submit 미확인 method=send generating=False composer=332
[17:07:17] submit 시도 method=ctrl
[17:07:17] submit 미확인 method=ctrl generating=False composer=332
[17:07:18] submit 시도 method=enter
[17:07:18] submit 확인 method=enter generating=False composer=0
[17:07:18] ⏱ 입력·전송 SRT_645 4.5s · chars=332
[17:07:18] 제출 후 last_saved=https://www.genspark.ai/api/files/s/q1jvmcuz
[17:07:18] ⏱ 생성대기 시작 SRT_645 max=120s
[17:07:31] ⏱ 생성대기 완료(busy무시) 12.4s SRT_645 https://www.genspark.ai/api/files/s/nhpdi5mx
[17:07:31] ⏱ 생성대기구간 SRT_645 12.4s · ok=True
[17:07:31] SRT_645 근접 이미지 https://www.genspark.ai/api/files/s/nhpdi5mx
[17:07:31] 다운로드 files URL=https://www.genspark.ai/api/files/s/nhpdi5mx → SRT_645.png
[17:07:31] ⏱ 다운로드 직접실패 0.3s · 페이지 fetch 재시도: HTTP Error 403: Forbidden
[17:07:31] ⏱ 다운로드 fetch 0.1s size=777493 SRT_645.png
[17:07:31] ⏱ 다운로드구간 SRT_645 0.5s · SRT_645.png
[17:07:34] ⏱ 다운로드후유휴 SRT_645 2.6s · idle=True
[17:07:34] ⏱ 씬합계 SRT_645 21.7s · https://www.genspark.ai/api/files/s/nhpdi5mx
[17:07:34] SRT_645 생성·다운로드 완료
C:\cursor\videt\무협극장\검신귀환록\1부\10장\png\SRT_645.png
[17:07:34] run_scene 시작 SRT_660 · seen_files=44 · last_saved=https://www.genspark.ai/api/files/s/nhpdi5mx
[17:07:34] ⏱ 준비 SRT_660 0.0s · chars=339
[17:07:36] ⏱ 다음명령유휴 SRT_660 1.9s · idle=True
[17:07:37] fill OK follow=True chars=339 url=https://www.genspark.ai/agents?id=d1f5f2f8-4d7a-4196-89c4-cc4c2be0e35d
[17:07:37] submit 시작 composer=339 url=https://www.genspark.ai/agents?id=d1f5f2f8-4d7a-4196-89c4-cc4c2be0e35d
[17:07:38] submit geo=corner-live x=546 y=812
[17:07:38] submit 시도 method=geo geo=True
[17:07:38] submit 미확인 method=geo generating=False composer=339
[17:07:39] submit geo=corner-live x=546 y=812
[17:07:39] submit 시도 method=send send=True
[17:07:40] submit 미확인 method=send generating=False composer=339
[17:07:40] submit 시도 method=ctrl
[17:07:40] submit 미확인 method=ctrl generating=False composer=339
[17:07:41] submit 시도 method=enter
[17:07:41] submit 확인 method=enter generating=False composer=0
[17:07:41] ⏱ 입력·전송 SRT_660 5.1s · chars=339
[17:07:41] 제출 후 last_saved=https://www.genspark.ai/api/files/s/nhpdi5mx
[17:07:41] ⏱ 생성대기 시작 SRT_660 max=120s
[17:07:53] ⏱ 생성대기 완료 11.3s SRT_660 https://www.genspark.ai/api/files/s/xmq2ybu8
[17:07:53] ⏱ 생성대기구간 SRT_660 11.3s · ok=True
[17:07:53] SRT_660 근접 이미지 https://www.genspark.ai/api/files/s/xmq2ybu8
[17:07:53] 다운로드 files URL=https://www.genspark.ai/api/files/s/xmq2ybu8 → SRT_660.png
[17:07:55] ⏱ 다운로드 직접실패 2.4s · 페이지 fetch 재시도: HTTP Error 403: Forbidden
[17:07:55] ⏱ 다운로드 fetch 0.1s size=706264 SRT_660.png
[17:07:55] ⏱ 다운로드구간 SRT_660 2.5s · SRT_660.png
[17:07:59] ⏱ 다운로드후유휴 SRT_660 3.5s · idle=True
[17:07:59] ⏱ 씬합계 SRT_660 24.6s · https://www.genspark.ai/api/files/s/xmq2ybu8
[17:07:59] SRT_660 생성·다운로드 완료
C:\cursor\videt\무협극장\검신귀환록\1부\10장\png\SRT_660.png
[17:07:59] run_scene 시작 SRT_675 · seen_files=45 · last_saved=https://www.genspark.ai/api/files/s/xmq2ybu8
[17:07:59] ⏱ 준비 SRT_675 0.0s · chars=339
[17:08:01] ⏱ 다음명령유휴 SRT_675 2.4s · idle=True
[17:08:02] fill OK follow=True chars=339 url=https://www.genspark.ai/agents?id=d1f5f2f8-4d7a-4196-89c4-cc4c2be0e35d
[17:08:02] submit 시작 composer=339 url=https://www.genspark.ai/agents?id=d1f5f2f8-4d7a-4196-89c4-cc4c2be0e35d
[17:08:04] submit geo=corner-live x=546 y=812
[17:08:04] submit 시도 method=geo geo=True
[17:08:04] submit 미확인 method=geo generating=False composer=339
[17:08:05] submit geo=corner-live x=546 y=812
[17:08:05] submit 시도 method=send send=True
[17:08:06] submit 미확인 method=send generating=False composer=339
[17:08:06] submit 시도 method=ctrl
[17:08:07] submit 미확인 method=ctrl generating=False composer=339
[17:08:07] submit 시도 method=enter
[17:08:07] submit 확인 method=enter generating=False composer=0
[17:08:07] ⏱ 입력·전송 SRT_675 6.1s · chars=339
[17:08:07] 제출 후 last_saved=https://www.genspark.ai/api/files/s/xmq2ybu8
[17:08:08] ⏱ 생성대기 시작 SRT_675 max=120s
[17:08:21] ⏱ 생성대기 완료 13.5s SRT_675 https://www.genspark.ai/api/files/s/neh0bb8h
[17:08:21] ⏱ 생성대기구간 SRT_675 13.6s · ok=True
[17:08:21] SRT_675 근접 이미지 https://www.genspark.ai/api/files/s/neh0bb8h
[17:08:21] 다운로드 files URL=https://www.genspark.ai/api/files/s/neh0bb8h → SRT_675.png
[17:08:21] ⏱ 다운로드 직접실패 0.3s · 페이지 fetch 재시도: HTTP Error 403: Forbidden
[17:08:22] ⏱ 다운로드 fetch 0.1s size=806190 SRT_675.png
[17:08:22] ⏱ 다운로드구간 SRT_675 0.4s · SRT_675.png
[17:08:28] ⏱ 다운로드후유휴 SRT_675 6.6s · idle=True
[17:08:28] ⏱ 씬합계 SRT_675 29.3s · https://www.genspark.ai/api/files/s/neh0bb8h
[17:08:28] SRT_675 생성·다운로드 완료
C:\cursor\videt\무협극장\검신귀환록\1부\10장\png\SRT_675.png
[17:08:28] run_scene 시작 SRT_690 · seen_files=46 · last_saved=https://www.genspark.ai/api/files/s/neh0bb8h
[17:08:28] ⏱ 준비 SRT_690 0.0s · chars=338
[17:08:32] ⏱ 다음명령유휴 SRT_690 3.6s · idle=True
[17:08:35] fill OK follow=True chars=338 url=https://www.genspark.ai/agents?id=d1f5f2f8-4d7a-4196-89c4-cc4c2be0e35d
[17:08:35] submit 시작 composer=338 url=https://www.genspark.ai/agents?id=d1f5f2f8-4d7a-4196-89c4-cc4c2be0e35d
[17:08:38] submit geo=corner-live x=546 y=812
[17:08:38] submit 시도 method=geo geo=True
[17:08:38] submit 미확인 method=geo generating=False composer=338
[17:08:41] submit geo=corner-live x=546 y=812
[17:08:41] submit 시도 method=send send=True
[17:08:42] submit 미확인 method=send generating=False composer=338
[17:08:43] submit 시도 method=ctrl
[17:08:44] submit 미확인 method=ctrl generating=False composer=338
[17:08:44] submit 시도 method=enter
[17:08:45] submit 확인 method=enter generating=False composer=0
[17:08:45] ⏱ 입력·전송 SRT_690 12.7s · chars=338
[17:08:45] 제출 후 last_saved=https://www.genspark.ai/api/files/s/neh0bb8h
[17:08:45] ⏱ 생성대기 시작 SRT_690 max=120s
[17:09:01] ⏱ 생성대기 진행 15.9s SRT_690 busy=False url_ok=False
[17:09:04] ⏱ 생성대기 완료 19.0s SRT_690 https://www.genspark.ai/api/files/s/9kmp5l3z
[17:09:04] ⏱ 생성대기구간 SRT_690 19.0s · ok=True
[17:09:04] SRT_690 근접 이미지 https://www.genspark.ai/api/files/s/9kmp5l3z
[17:09:04] 다운로드 files URL=https://www.genspark.ai/api/files/s/9kmp5l3z → SRT_690.png
[17:09:04] ⏱ 다운로드 직접실패 0.3s · 페이지 fetch 재시도: HTTP Error 403: Forbidden
[17:09:04] ⏱ 다운로드 fetch 0.2s size=733504 SRT_690.png
[17:09:04] ⏱ 다운로드구간 SRT_690 0.5s · SRT_690.png
[17:09:12] ⏱ 다운로드후유휴 SRT_690 7.8s · idle=True
[17:09:12] ⏱ 씬합계 SRT_690 43.9s · https://www.genspark.ai/api/files/s/9kmp5l3z
[17:09:12] SRT_690 생성·다운로드 완료
C:\cursor\videt\무협극장\검신귀환록\1부\10장\png\SRT_690.png
[17:09:12] run_scene 시작 SRT_705 · seen_files=47 · last_saved=https://www.genspark.ai/api/files/s/9kmp5l3z
[17:09:12] ⏱ 준비 SRT_705 0.0s · chars=310
[17:09:15] ⏱ 다음명령유휴 SRT_705 2.2s · idle=True
[17:09:15] fill OK follow=True chars=310 url=https://www.genspark.ai/agents?id=d1f5f2f8-4d7a-4196-89c4-cc4c2be0e35d
[17:09:16] submit 시작 composer=310 url=https://www.genspark.ai/agents?id=d1f5f2f8-4d7a-4196-89c4-cc4c2be0e35d
[17:09:17] submit geo=corner-live x=546 y=812
[17:09:17] submit 시도 method=geo geo=True
[17:09:18] submit 미확인 method=geo generating=False composer=310
[17:09:19] submit geo=corner-live x=546 y=812
[17:09:19] submit 시도 method=send send=True
[17:09:19] submit 미확인 method=send generating=False composer=310
[17:09:19] submit 시도 method=ctrl
[17:09:20] submit 미확인 method=ctrl generating=False composer=310
[17:09:20] submit 시도 method=enter
[17:09:21] submit 확인 method=enter generating=False composer=0
[17:09:21] ⏱ 입력·전송 SRT_705 6.1s · chars=310
[17:09:21] 제출 후 last_saved=https://www.genspark.ai/api/files/s/9kmp5l3z
[17:09:21] ⏱ 생성대기 시작 SRT_705 max=120s
[17:09:33] ⏱ 생성대기 완료(busy무시) 12.6s SRT_705 https://www.genspark.ai/api/files/s/chbj0eiu
[17:09:33] ⏱ 생성대기구간 SRT_705 12.6s · ok=True
[17:09:33] SRT_705 근접 이미지 https://www.genspark.ai/api/files/s/chbj0eiu
[17:09:33] 다운로드 files URL=https://www.genspark.ai/api/files/s/chbj0eiu → SRT_705.png
[17:09:34] ⏱ 다운로드 직접실패 0.3s · 페이지 fetch 재시도: HTTP Error 403: Forbidden
[17:09:34] ⏱ 다운로드 fetch 0.1s size=724602 SRT_705.png
[17:09:34] ⏱ 다운로드구간 SRT_705 0.4s · SRT_705.png
[17:09:43] ⏱ 다운로드후유휴 SRT_705 8.8s · idle=True
[17:09:43] ⏱ 씬합계 SRT_705 30.3s · https://www.genspark.ai/api/files/s/chbj0eiu
[17:09:43] SRT_705 생성·다운로드 완료
C:\cursor\videt\무협극장\검신귀환록\1부\10장\png\SRT_705.png
[17:09:43] run_scene 시작 SRT_720 · seen_files=48 · last_saved=https://www.genspark.ai/api/files/s/chbj0eiu
[17:09:43] ⏱ 준비 SRT_720 0.1s · chars=328
[17:09:46] ⏱ 다음명령유휴 SRT_720 3.5s · idle=True
[17:09:48] fill OK follow=True chars=328 url=https://www.genspark.ai/agents?id=d1f5f2f8-4d7a-4196-89c4-cc4c2be0e35d
[17:09:48] submit 시작 composer=328 url=https://www.genspark.ai/agents?id=d1f5f2f8-4d7a-4196-89c4-cc4c2be0e35d
[17:09:50] submit geo=corner-live x=546 y=812
[17:09:50] submit 시도 method=geo geo=True
[17:09:51] submit 미확인 method=geo generating=False composer=328
[17:09:52] submit geo=corner-live x=546 y=812
[17:09:52] submit 시도 method=send send=True
[17:09:53] submit 미확인 method=send generating=False composer=328
[17:09:53] submit 시도 method=ctrl
[17:09:54] submit 미확인 method=ctrl generating=False composer=328
[17:09:54] submit 시도 method=enter
[17:09:55] submit 확인 method=enter generating=False composer=0
[17:09:55] ⏱ 입력·전송 SRT_720 8.4s · chars=328
[17:09:55] 제출 후 last_saved=https://www.genspark.ai/api/files/s/chbj0eiu
[17:09:55] ⏱ 생성대기 시작 SRT_720 max=120s
[17:10:09] ⏱ 생성대기 완료 14.1s SRT_720 https://www.genspark.ai/api/files/s/k4wyz8sf
[17:10:09] ⏱ 생성대기구간 SRT_720 14.1s · ok=True
[17:10:09] SRT_720 근접 이미지 https://www.genspark.ai/api/files/s/k4wyz8sf
[17:10:09] 다운로드 files URL=https://www.genspark.ai/api/files/s/k4wyz8sf → SRT_720.png
[17:10:10] ⏱ 다운로드 직접실패 0.3s · 페이지 fetch 재시도: HTTP Error 403: Forbidden
[17:10:10] ⏱ 다운로드 fetch 0.2s size=761832 SRT_720.png
[17:10:10] ⏱ 다운로드구간 SRT_720 0.5s · SRT_720.png
[17:10:17] ⏱ 다운로드후유휴 SRT_720 6.8s · idle=True
[17:10:17] ⏱ 씬합계 SRT_720 33.8s · https://www.genspark.ai/api/files/s/k4wyz8sf
[17:10:17] SRT_720 생성·다운로드 완료
C:\cursor\videt\무협극장\검신귀환록\1부\10장\png\SRT_720.png
[17:10:17] run_scene 시작 SRT_735 · seen_files=49 · last_saved=https://www.genspark.ai/api/files/s/k4wyz8sf
[17:10:17] ⏱ 준비 SRT_735 0.2s · chars=356
[17:10:24] ⏱ 다음명령유휴 SRT_735 6.8s · idle=True
[17:10:27] fill OK follow=True chars=356 url=https://www.genspark.ai/agents?id=d1f5f2f8-4d7a-4196-89c4-cc4c2be0e35d
[17:10:27] submit 시작 composer=356 url=https://www.genspark.ai/agents?id=d1f5f2f8-4d7a-4196-89c4-cc4c2be0e35d
[17:10:34] submit geo=corner-live x=546 y=812
[17:10:34] submit 시도 method=geo geo=True
[17:10:35] submit 미확인 method=geo generating=False composer=356
[17:10:36] submit geo=corner-live x=546 y=812
[17:10:36] submit 시도 method=send send=True
[17:10:36] submit 미확인 method=send generating=False composer=356
[17:10:37] submit 시도 method=ctrl
[17:10:37] submit 미확인 method=ctrl generating=False composer=356
[17:10:38] submit 시도 method=enter
[17:10:38] submit 확인 method=enter generating=False composer=0
[17:10:38] ⏱ 입력·전송 SRT_735 14.6s · chars=356
[17:10:38] 제출 후 last_saved=https://www.genspark.ai/api/files/s/k4wyz8sf
[17:10:39] ⏱ 생성대기 시작 SRT_735 max=120s
[17:10:50] ⏱ 생성대기 완료 11.6s SRT_735 https://www.genspark.ai/api/files/s/5qmk1b0n
[17:10:50] ⏱ 생성대기구간 SRT_735 11.7s · ok=True
[17:10:50] SRT_735 근접 이미지 https://www.genspark.ai/api/files/s/5qmk1b0n
[17:10:50] 다운로드 files URL=https://www.genspark.ai/api/files/s/5qmk1b0n → SRT_735.png
[17:10:51] ⏱ 다운로드 직접실패 0.3s · 페이지 fetch 재시도: HTTP Error 403: Forbidden
[17:10:51] ⏱ 다운로드 fetch 0.1s size=748348 SRT_735.png
[17:10:51] ⏱ 다운로드구간 SRT_735 0.4s · SRT_735.png
[17:11:09] ⏱ 다운로드후유휴 SRT_735 18.6s · idle=True
[17:11:09] ⏱ 씬합계 SRT_735 52.5s · https://www.genspark.ai/api/files/s/5qmk1b0n
[17:11:09] SRT_735 생성·다운로드 완료
C:\cursor\videt\무협극장\검신귀환록\1부\10장\png\SRT_735.png
[17:11:09] run_scene 시작 SRT_750 · seen_files=50 · last_saved=https://www.genspark.ai/api/files/s/5qmk1b0n
[17:11:10] ⏱ 준비 SRT_750 0.2s · chars=313
[17:11:19] ⏱ 다음명령유휴 SRT_750 9.2s · idle=True
[17:11:24] fill OK follow=True chars=313 url=https://www.genspark.ai/agents?id=d1f5f2f8-4d7a-4196-89c4-cc4c2be0e35d
[17:11:24] submit 시작 composer=313 url=https://www.genspark.ai/agents?id=d1f5f2f8-4d7a-4196-89c4-cc4c2be0e35d
[17:11:38] submit geo=corner-live x=546 y=812
[17:11:38] submit 시도 method=geo geo=True
[17:11:39] submit 미확인 method=geo generating=False composer=313
[17:11:42] submit geo=corner-live x=546 y=812
[17:11:42] submit 시도 method=send send=True
[17:11:43] submit 미확인 method=send generating=False composer=313
[17:11:43] submit 시도 method=ctrl
[17:11:44] submit 미확인 method=ctrl generating=False composer=313
[17:11:44] submit 시도 method=enter
[17:11:44] submit 확인 method=enter generating=False composer=0
[17:11:44] ⏱ 입력·전송 SRT_750 25.5s · chars=313
[17:11:44] 제출 후 last_saved=https://www.genspark.ai/api/files/s/5qmk1b0n
[17:11:45] ⏱ 생성대기 시작 SRT_750 max=120s
[17:12:00] ⏱ 생성대기 진행 15.2s SRT_750 busy=False url_ok=True
[17:12:00] ⏱ 생성대기 완료 15.5s SRT_750 https://www.genspark.ai/api/files/s/jv6enpwc
[17:12:00] ⏱ 생성대기구간 SRT_750 15.5s · ok=True
[17:12:01] SRT_750 근접 이미지 https://www.genspark.ai/api/files/s/jv6enpwc
[17:12:01] 다운로드 files URL=https://www.genspark.ai/api/files/s/jv6enpwc → SRT_750.png
[17:12:01] ⏱ 다운로드 직접실패 0.3s · 페이지 fetch 재시도: HTTP Error 403: Forbidden
[17:12:02] ⏱ 다운로드 fetch 0.1s size=670615 SRT_750.png
[17:12:02] ⏱ 다운로드구간 SRT_750 0.6s · SRT_750.png
[17:12:10] ⏱ 다운로드후유휴 SRT_750 8.8s · idle=True
[17:12:10] ⏱ 씬합계 SRT_750 60.9s · https://www.genspark.ai/api/files/s/jv6enpwc
[17:12:10] SRT_750 생성·다운로드 완료
C:\cursor\videt\무협극장\검신귀환록\1부\10장\png\SRT_750.png
[17:12:11] run_scene 시작 SRT_765 · seen_files=51 · last_saved=https://www.genspark.ai/api/files/s/jv6enpwc
[17:12:11] ⏱ 준비 SRT_765 0.1s · chars=313
[17:12:16] ⏱ 다음명령유휴 SRT_765 5.9s · idle=True
[17:12:18] fill OK follow=True chars=313 url=https://www.genspark.ai/agents?id=d1f5f2f8-4d7a-4196-89c4-cc4c2be0e35d
[17:12:19] submit 시작 composer=313 url=https://www.genspark.ai/agents?id=d1f5f2f8-4d7a-4196-89c4-cc4c2be0e35d
[17:12:21] submit geo=corner-live x=546 y=812
[17:12:21] submit 시도 method=geo geo=True
[17:12:22] submit 미확인 method=geo generating=False composer=313
[17:12:25] submit geo=corner-live x=546 y=812
[17:12:25] submit 시도 method=send send=True
[17:12:26] submit 미확인 method=send generating=False composer=313
[17:12:26] submit 시도 method=ctrl
[17:12:27] submit 미확인 method=ctrl generating=False composer=313
[17:12:27] submit 시도 method=enter
[17:12:28] submit 확인 method=enter generating=False composer=0
[17:12:28] ⏱ 입력·전송 SRT_765 11.2s · chars=313
[17:12:28] 제출 후 last_saved=https://www.genspark.ai/api/files/s/jv6enpwc
[17:12:28] ⏱ 생성대기 시작 SRT_765 max=120s
[17:12:38] ⏱ 생성대기 완료 10.2s SRT_765 https://www.genspark.ai/api/files/s/oijkpw6n
[17:12:38] ⏱ 생성대기구간 SRT_765 10.2s · ok=True
[17:12:38] SRT_765 근접 이미지 https://www.genspark.ai/api/files/s/oijkpw6n
[17:12:38] 다운로드 files URL=https://www.genspark.ai/api/files/s/oijkpw6n → SRT_765.png
[17:12:39] ⏱ 다운로드 직접실패 0.5s · 페이지 fetch 재시도: HTTP Error 403: Forbidden
[17:12:39] ⏱ 다운로드 fetch 0.1s size=709921 SRT_765.png
[17:12:39] ⏱ 다운로드구간 SRT_765 0.6s · SRT_765.png
[17:12:44] ⏱ 다운로드후유휴 SRT_765 4.8s · idle=True
[17:12:44] ⏱ 씬합계 SRT_765 33.0s · https://www.genspark.ai/api/files/s/oijkpw6n
[17:12:44] SRT_765 생성·다운로드 완료
C:\cursor\videt\무협극장\검신귀환록\1부\10장\png\SRT_765.png
[17:12:44] run_scene 시작 SRT_780 · seen_files=52 · last_saved=https://www.genspark.ai/api/files/s/oijkpw6n
[17:12:44] ⏱ 준비 SRT_780 0.0s · chars=331
[17:12:45] ⏱ 다음명령유휴 SRT_780 1.5s · idle=True
[17:12:46] fill OK follow=True chars=331 url=https://www.genspark.ai/agents?id=d1f5f2f8-4d7a-4196-89c4-cc4c2be0e35d
[17:12:46] submit 시작 composer=331 url=https://www.genspark.ai/agents?id=d1f5f2f8-4d7a-4196-89c4-cc4c2be0e35d
[17:12:46] submit geo=corner-live x=546 y=812
[17:12:46] submit 시도 method=geo geo=True
[17:12:47] submit 미확인 method=geo generating=False composer=331
[17:12:48] submit geo=corner-live x=546 y=812
[17:12:48] submit 시도 method=send send=True
[17:12:48] submit 미확인 method=send generating=False composer=331
[17:12:48] submit 시도 method=ctrl
[17:12:49] submit 미확인 method=ctrl generating=False composer=331
[17:12:49] submit 시도 method=enter
[17:12:49] submit 확인 method=enter generating=False composer=0
[17:12:49] ⏱ 입력·전송 SRT_780 4.2s · chars=331
[17:12:49] 제출 후 last_saved=https://www.genspark.ai/api/files/s/oijkpw6n
[17:12:50] ⏱ 생성대기 시작 SRT_780 max=120s
[17:13:05] ⏱ 생성대기 진행 15.4s SRT_780 busy=False url_ok=False
[17:13:07] ⏱ 생성대기 완료 17.2s SRT_780 https://www.genspark.ai/api/files/s/wezdptqv
[17:13:07] ⏱ 생성대기구간 SRT_780 17.2s · ok=True
[17:13:07] 폴백: 미수신 api/files https://www.genspark.ai/api/files/s/wezdptqv
[17:13:07] 다운로드 files URL=https://www.genspark.ai/api/files/s/wezdptqv → SRT_780.png
[17:13:07] ⏱ 다운로드 직접실패 0.3s · 페이지 fetch 재시도: HTTP Error 403: Forbidden
[17:13:07] ⏱ 다운로드 fetch 0.1s size=783905 SRT_780.png
[17:13:07] ⏱ 다운로드구간 SRT_780 0.4s · SRT_780.png
[17:13:12] ⏱ 다운로드후유휴 SRT_780 4.5s · idle=True
[17:13:12] ⏱ 씬합계 SRT_780 28.0s · https://www.genspark.ai/api/files/s/wezdptqv
[17:13:12] SRT_780 생성·다운로드 완료
C:\cursor\videt\무협극장\검신귀환록\1부\10장\png\SRT_780.png
[17:13:12] run_scene 시작 SRT_795 · seen_files=53 · last_saved=https://www.genspark.ai/api/files/s/wezdptqv
[17:13:12] ⏱ 준비 SRT_795 0.0s · chars=359
[17:13:13] ⏱ 다음명령유휴 SRT_795 1.4s · idle=True
[17:13:14] fill OK follow=True chars=359 url=https://www.genspark.ai/agents?id=d1f5f2f8-4d7a-4196-89c4-cc4c2be0e35d
[17:13:14] submit 시작 composer=359 url=https://www.genspark.ai/agents?id=d1f5f2f8-4d7a-4196-89c4-cc4c2be0e35d
[17:13:14] submit geo=corner-live x=546 y=812
[17:13:14] submit 시도 method=geo geo=True
[17:13:15] submit 미확인 method=geo generating=False composer=359
[17:13:15] submit geo=corner-live x=546 y=812
[17:13:15] submit 시도 method=send send=True
[17:13:16] submit 미확인 method=send generating=False composer=359
[17:13:16] submit 시도 method=ctrl
[17:13:17] submit 미확인 method=ctrl generating=False composer=359
[17:13:17] submit 시도 method=enter
[17:13:17] submit 확인 method=enter generating=False composer=0
[17:13:17] ⏱ 입력·전송 SRT_795 4.1s · chars=359
[17:13:17] 제출 후 last_saved=https://www.genspark.ai/api/files/s/wezdptqv
[17:13:17] ⏱ 생성대기 시작 SRT_795 max=120s
[17:13:32] ⏱ 생성대기 완료(busy무시) 14.1s SRT_795 https://www.genspark.ai/api/files/s/z53t1qlj
[17:13:32] ⏱ 생성대기구간 SRT_795 14.1s · ok=True
[17:13:32] SRT_795 근접 이미지 https://www.genspark.ai/api/files/s/z53t1qlj
[17:13:32] 다운로드 files URL=https://www.genspark.ai/api/files/s/z53t1qlj → SRT_795.png
[17:13:32] ⏱ 다운로드 직접실패 0.3s · 페이지 fetch 재시도: HTTP Error 403: Forbidden
[17:13:32] ⏱ 다운로드 fetch 0.1s size=774810 SRT_795.png
[17:13:32] ⏱ 다운로드구간 SRT_795 0.4s · SRT_795.png
[17:13:34] ⏱ 다운로드후유휴 SRT_795 2.5s · idle=True
[17:13:34] ⏱ 씬합계 SRT_795 22.6s · https://www.genspark.ai/api/files/s/z53t1qlj
[17:13:34] SRT_795 생성·다운로드 완료
C:\cursor\videt\무협극장\검신귀환록\1부\10장\png\SRT_795.png
[17:13:35] run_scene 시작 SRT_810 · seen_files=54 · last_saved=https://www.genspark.ai/api/files/s/z53t1qlj
[17:13:35] ⏱ 준비 SRT_810 0.0s · chars=363
[17:13:36] ⏱ 다음명령유휴 SRT_810 1.3s · idle=True
[17:13:37] fill OK follow=True chars=363 url=https://www.genspark.ai/agents?id=d1f5f2f8-4d7a-4196-89c4-cc4c2be0e35d
[17:13:37] submit 시작 composer=363 url=https://www.genspark.ai/agents?id=d1f5f2f8-4d7a-4196-89c4-cc4c2be0e35d
[17:13:37] submit geo=corner-live x=546 y=812
[17:13:37] submit 시도 method=geo geo=True
[17:13:38] submit 미확인 method=geo generating=False composer=363
[17:13:38] submit geo=corner-live x=546 y=812
[17:13:38] submit 시도 method=send send=True
[17:13:39] submit 미확인 method=send generating=False composer=363
[17:13:39] submit 시도 method=ctrl
[17:13:39] submit 미확인 method=ctrl generating=False composer=363
[17:13:40] submit 시도 method=enter
[17:13:40] submit 확인 method=enter generating=False composer=0
[17:13:40] ⏱ 입력·전송 SRT_810 4.1s · chars=363
[17:13:40] 제출 후 last_saved=https://www.genspark.ai/api/files/s/z53t1qlj
[17:13:40] ⏱ 생성대기 시작 SRT_810 max=120s
[17:13:53] ⏱ 생성대기 완료 12.9s SRT_810 https://www.genspark.ai/api/files/s/xoar9oeh
[17:13:53] ⏱ 생성대기구간 SRT_810 12.9s · ok=True
[17:13:53] SRT_810 근접 이미지 https://www.genspark.ai/api/files/s/xoar9oeh
[17:13:53] 다운로드 files URL=https://www.genspark.ai/api/files/s/xoar9oeh → SRT_810.png
[17:13:53] ⏱ 다운로드 직접실패 0.3s · 페이지 fetch 재시도: HTTP Error 403: Forbidden
[17:13:54] ⏱ 다운로드 fetch 0.1s size=756990 SRT_810.png
[17:13:54] ⏱ 다운로드구간 SRT_810 0.3s · SRT_810.png
[17:13:56] ⏱ 다운로드후유휴 SRT_810 2.4s · idle=True
[17:13:56] ⏱ 씬합계 SRT_810 21.3s · https://www.genspark.ai/api/files/s/xoar9oeh
[17:13:56] SRT_810 생성·다운로드 완료
C:\cursor\videt\무협극장\검신귀환록\1부\10장\png\SRT_810.png
[17:13:56] run_scene 시작 SRT_825 · seen_files=55 · last_saved=https://www.genspark.ai/api/files/s/xoar9oeh
[17:13:56] ⏱ 준비 SRT_825 0.0s · chars=356
[17:13:57] ⏱ 다음명령유휴 SRT_825 1.2s · idle=True
[17:13:58] fill OK follow=True chars=356 url=https://www.genspark.ai/agents?id=d1f5f2f8-4d7a-4196-89c4-cc4c2be0e35d
[17:13:58] submit 시작 composer=356 url=https://www.genspark.ai/agents?id=d1f5f2f8-4d7a-4196-89c4-cc4c2be0e35d
[17:13:58] submit geo=corner-live x=546 y=812
[17:13:58] submit 시도 method=geo geo=True
[17:13:59] submit 미확인 method=geo generating=False composer=356
[17:14:00] submit geo=corner-live x=546 y=812
[17:14:00] submit 시도 method=send send=True
[17:14:00] submit 미확인 method=send generating=False composer=356
[17:14:00] submit 시도 method=ctrl
[17:14:01] submit 미확인 method=ctrl generating=False composer=356
[17:14:01] submit 시도 method=enter
[17:14:02] submit 확인 method=enter generating=False composer=0
[17:14:02] ⏱ 입력·전송 SRT_825 4.1s · chars=356
[17:14:02] 제출 후 last_saved=https://www.genspark.ai/api/files/s/xoar9oeh
[17:14:02] ⏱ 생성대기 시작 SRT_825 max=120s
[17:14:15] ⏱ 생성대기 완료(busy무시) 13.6s SRT_825 https://www.genspark.ai/api/files/s/f4sue4if
[17:14:15] ⏱ 생성대기구간 SRT_825 13.6s · ok=True
[17:14:15] SRT_825 근접 이미지 https://www.genspark.ai/api/files/s/f4sue4if
[17:14:15] 다운로드 files URL=https://www.genspark.ai/api/files/s/f4sue4if → SRT_825.png
[17:14:16] ⏱ 다운로드 직접실패 0.3s · 페이지 fetch 재시도: HTTP Error 403: Forbidden
[17:14:16] ⏱ 다운로드 fetch 0.1s size=785037 SRT_825.png
[17:14:16] ⏱ 다운로드구간 SRT_825 0.4s · SRT_825.png
[17:14:18] ⏱ 다운로드후유휴 SRT_825 2.0s · idle=True
[17:14:18] ⏱ 씬합계 SRT_825 21.5s · https://www.genspark.ai/api/files/s/f4sue4if
[17:14:18] SRT_825 생성·다운로드 완료
C:\cursor\videt\무협극장\검신귀환록\1부\10장\png\SRT_825.png
[17:14:18] run_scene 시작 SRT_840 · seen_files=56 · last_saved=https://www.genspark.ai/api/files/s/f4sue4if
[17:14:18] ⏱ 준비 SRT_840 0.0s · chars=331
[17:14:19] ⏱ 다음명령유휴 SRT_840 1.3s · idle=True
[17:14:20] fill OK follow=True chars=331 url=https://www.genspark.ai/agents?id=d1f5f2f8-4d7a-4196-89c4-cc4c2be0e35d
[17:14:20] submit 시작 composer=331 url=https://www.genspark.ai/agents?id=d1f5f2f8-4d7a-4196-89c4-cc4c2be0e35d
[17:14:20] submit geo=corner-live x=546 y=812
[17:14:20] submit 시도 method=geo geo=True
[17:14:21] submit 미확인 method=geo generating=False composer=331
[17:14:21] submit geo=corner-live x=546 y=812
[17:14:21] submit 시도 method=send send=True
[17:14:22] submit 미확인 method=send generating=False composer=331
[17:14:22] submit 시도 method=ctrl
[17:14:23] submit 미확인 method=ctrl generating=False composer=331
[17:14:23] submit 시도 method=enter
[17:14:23] submit 확인 method=enter generating=False composer=0
[17:14:23] ⏱ 입력·전송 SRT_840 4.1s · chars=331
[17:14:23] 제출 후 last_saved=https://www.genspark.ai/api/files/s/f4sue4if
[17:14:23] ⏱ 생성대기 시작 SRT_840 max=120s
[17:14:39] ⏱ 생성대기 진행 15.2s SRT_840 busy=True url_ok=True
[17:14:39] ⏱ 생성대기 완료(busy무시) 15.2s SRT_840 https://www.genspark.ai/api/files/s/wjlgthyq
[17:14:39] ⏱ 생성대기구간 SRT_840 15.2s · ok=True
[17:14:39] SRT_840 근접 이미지 https://www.genspark.ai/api/files/s/wjlgthyq
[17:14:39] 다운로드 files URL=https://www.genspark.ai/api/files/s/wjlgthyq → SRT_840.png
[17:14:39] ⏱ 다운로드 직접실패 0.3s · 페이지 fetch 재시도: HTTP Error 403: Forbidden
[17:14:39] ⏱ 다운로드 fetch 0.1s size=647494 SRT_840.png
[17:14:39] ⏱ 다운로드구간 SRT_840 0.4s · SRT_840.png
[17:14:43] ⏱ 다운로드후유휴 SRT_840 4.4s · idle=True
[17:14:43] ⏱ 씬합계 SRT_840 25.6s · https://www.genspark.ai/api/files/s/wjlgthyq
[17:14:43] SRT_840 생성·다운로드 완료
C:\cursor\videt\무협극장\검신귀환록\1부\10장\png\SRT_840.png
[17:14:44] run_scene 시작 SRT_855 · seen_files=57 · last_saved=https://www.genspark.ai/api/files/s/wjlgthyq
[17:14:44] ⏱ 준비 SRT_855 0.0s · chars=312
[17:14:45] ⏱ 다음명령유휴 SRT_855 1.4s · idle=True
[17:14:46] fill OK follow=True chars=312 url=https://www.genspark.ai/agents?id=d1f5f2f8-4d7a-4196-89c4-cc4c2be0e35d
[17:14:46] submit 시작 composer=312 url=https://www.genspark.ai/agents?id=d1f5f2f8-4d7a-4196-89c4-cc4c2be0e35d
[17:14:46] submit geo=corner-live x=546 y=812
[17:14:46] submit 시도 method=geo geo=True
[17:14:47] submit 미확인 method=geo generating=False composer=312
[17:14:47] submit geo=corner-live x=546 y=812
[17:14:47] submit 시도 method=send send=True
[17:14:48] submit 미확인 method=send generating=False composer=312
[17:14:48] submit 시도 method=ctrl
[17:14:48] submit 미확인 method=ctrl generating=False composer=312
[17:14:48] submit 시도 method=enter
[17:14:49] submit 확인 method=enter generating=False composer=0
[17:14:49] ⏱ 입력·전송 SRT_855 4.0s · chars=312
[17:14:49] 제출 후 last_saved=https://www.genspark.ai/api/files/s/wjlgthyq
[17:14:49] ⏱ 생성대기 시작 SRT_855 max=120s
[17:15:03] ⏱ 생성대기 완료(busy무시) 14.0s SRT_855 https://www.genspark.ai/api/files/s/32j8xfpl
[17:15:03] ⏱ 생성대기구간 SRT_855 14.0s · ok=True
[17:15:03] SRT_855 근접 이미지 https://www.genspark.ai/api/files/s/32j8xfpl
[17:15:03] 다운로드 files URL=https://www.genspark.ai/api/files/s/32j8xfpl → SRT_855.png
[17:15:04] ⏱ 다운로드 직접실패 0.2s · 페이지 fetch 재시도: HTTP Error 403: Forbidden
[17:15:04] ⏱ 다운로드 fetch 0.1s size=661543 SRT_855.png
[17:15:04] ⏱ 다운로드구간 SRT_855 0.3s · SRT_855.png
[17:15:06] ⏱ 다운로드후유휴 SRT_855 2.4s · idle=True
[17:15:06] ⏱ 씬합계 SRT_855 22.5s · https://www.genspark.ai/api/files/s/32j8xfpl
[17:15:06] SRT_855 생성·다운로드 완료
C:\cursor\videt\무협극장\검신귀환록\1부\10장\png\SRT_855.png
[17:15:06] run_scene 시작 SRT_870 · seen_files=58 · last_saved=https://www.genspark.ai/api/files/s/32j8xfpl
[17:15:06] ⏱ 준비 SRT_870 0.0s · chars=337
[17:15:08] ⏱ 다음명령유휴 SRT_870 1.4s · idle=True
[17:15:08] fill OK follow=True chars=337 url=https://www.genspark.ai/agents?id=d1f5f2f8-4d7a-4196-89c4-cc4c2be0e35d
[17:15:08] submit 시작 composer=337 url=https://www.genspark.ai/agents?id=d1f5f2f8-4d7a-4196-89c4-cc4c2be0e35d
[17:15:09] submit geo=corner-live x=546 y=812
[17:15:09] submit 시도 method=geo geo=True
[17:15:09] submit 미확인 method=geo generating=False composer=337
[17:15:10] submit geo=corner-live x=546 y=812
[17:15:10] submit 시도 method=send send=True
[17:15:10] submit 미확인 method=send generating=False composer=337
[17:15:10] submit 시도 method=ctrl
[17:15:11] submit 미확인 method=ctrl generating=False composer=337
[17:15:11] submit 시도 method=enter
[17:15:12] submit 확인 method=enter generating=False composer=0
[17:15:12] ⏱ 입력·전송 SRT_870 4.0s · chars=337
[17:15:12] 제출 후 last_saved=https://www.genspark.ai/api/files/s/32j8xfpl
[17:15:12] ⏱ 생성대기 시작 SRT_870 max=120s
[17:15:27] ⏱ 생성대기 완료 14.7s SRT_870 https://www.genspark.ai/api/files/s/msg8apax
[17:15:27] ⏱ 생성대기구간 SRT_870 14.7s · ok=True
[17:15:27] SRT_870 근접 이미지 https://www.genspark.ai/api/files/s/msg8apax
[17:15:27] 다운로드 files URL=https://www.genspark.ai/api/files/s/msg8apax → SRT_870.png
[17:15:27] ⏱ 다운로드 직접실패 0.2s · 페이지 fetch 재시도: HTTP Error 403: Forbidden
[17:15:27] ⏱ 다운로드 fetch 0.1s size=697222 SRT_870.png
[17:15:27] ⏱ 다운로드구간 SRT_870 0.3s · SRT_870.png
[17:15:32] ⏱ 다운로드후유휴 SRT_870 4.6s · idle=True
[17:15:32] ⏱ 씬합계 SRT_870 25.3s · https://www.genspark.ai/api/files/s/msg8apax
[17:15:32] SRT_870 생성·다운로드 완료
C:\cursor\videt\무협극장\검신귀환록\1부\10장\png\SRT_870.png
[17:15:32] run_scene 시작 SRT_885 · seen_files=59 · last_saved=https://www.genspark.ai/api/files/s/msg8apax
[17:15:32] ⏱ 준비 SRT_885 0.0s · chars=324
[17:15:33] ⏱ 다음명령유휴 SRT_885 1.4s · idle=True
[17:15:34] fill OK follow=True chars=324 url=https://www.genspark.ai/agents?id=d1f5f2f8-4d7a-4196-89c4-cc4c2be0e35d
[17:15:34] submit 시작 composer=324 url=https://www.genspark.ai/agents?id=d1f5f2f8-4d7a-4196-89c4-cc4c2be0e35d
[17:15:34] submit geo=corner-live x=546 y=812
[17:15:34] submit 시도 method=geo geo=True
[17:15:35] submit 미확인 method=geo generating=False composer=324
[17:15:35] submit geo=corner-live x=546 y=812
[17:15:35] submit 시도 method=send send=True
[17:15:36] submit 미확인 method=send generating=False composer=324
[17:15:36] submit 시도 method=ctrl
[17:15:37] submit 미확인 method=ctrl generating=False composer=324
[17:15:37] submit 시도 method=enter
[17:15:37] submit 확인 method=enter generating=False composer=0
[17:15:37] ⏱ 입력·전송 SRT_885 4.2s · chars=324
[17:15:37] 제출 후 last_saved=https://www.genspark.ai/api/files/s/msg8apax
[17:15:37] ⏱ 생성대기 시작 SRT_885 max=120s
[17:15:52] ⏱ 생성대기 완료 15.0s SRT_885 https://www.genspark.ai/api/files/s/eefyvesi
[17:15:52] ⏱ 생성대기구간 SRT_885 15.0s · ok=True
[17:15:53] 폴백: 미수신 api/files https://www.genspark.ai/api/files/s/eefyvesi
[17:15:53] 다운로드 files URL=https://www.genspark.ai/api/files/s/eefyvesi → SRT_885.png
[17:15:53] ⏱ 다운로드 직접실패 0.3s · 페이지 fetch 재시도: HTTP Error 403: Forbidden
[17:15:53] ⏱ 다운로드 fetch 0.1s size=688479 SRT_885.png
[17:15:53] ⏱ 다운로드구간 SRT_885 0.5s · SRT_885.png
[17:15:58] ⏱ 다운로드후유휴 SRT_885 4.6s · idle=True
[17:15:58] ⏱ 씬합계 SRT_885 25.9s · https://www.genspark.ai/api/files/s/eefyvesi
[17:15:58] SRT_885 생성·다운로드 완료
C:\cursor\videt\무협극장\검신귀환록\1부\10장\png\SRT_885.png
[17:15:58] run_scene 시작 SRT_900 · seen_files=60 · last_saved=https://www.genspark.ai/api/files/s/eefyvesi
[17:15:58] ⏱ 준비 SRT_900 0.0s · chars=308
[17:15:59] ⏱ 다음명령유휴 SRT_900 1.4s · idle=True
[17:16:00] fill OK follow=True chars=308 url=https://www.genspark.ai/agents?id=d1f5f2f8-4d7a-4196-89c4-cc4c2be0e35d
[17:16:00] submit 시작 composer=308 url=https://www.genspark.ai/agents?id=d1f5f2f8-4d7a-4196-89c4-cc4c2be0e35d
[17:16:00] submit geo=corner-live x=546 y=812
[17:16:00] submit 시도 method=geo geo=True
[17:16:01] submit 미확인 method=geo generating=False composer=308
[17:16:01] submit geo=corner-live x=546 y=812
[17:16:01] submit 시도 method=send send=True
[17:16:02] submit 미확인 method=send generating=False composer=308
[17:16:02] submit 시도 method=ctrl
[17:16:03] submit 미확인 method=ctrl generating=False composer=308
[17:16:03] submit 시도 method=enter
[17:16:03] submit 확인 method=enter generating=False composer=0
[17:16:03] ⏱ 입력·전송 SRT_900 4.1s · chars=308
[17:16:03] 제출 후 last_saved=https://www.genspark.ai/api/files/s/eefyvesi
[17:16:04] ⏱ 생성대기 시작 SRT_900 max=120s
[17:16:18] ⏱ 생성대기 완료 15.0s SRT_900 https://www.genspark.ai/api/files/s/oxgszret
[17:16:18] ⏱ 생성대기구간 SRT_900 15.0s · ok=True
[17:16:19] 폴백: 미수신 api/files https://www.genspark.ai/api/files/s/oxgszret
[17:16:19] 다운로드 files URL=https://www.genspark.ai/api/files/s/oxgszret → SRT_900.png
[17:16:19] ⏱ 다운로드 직접실패 0.3s · 페이지 fetch 재시도: HTTP Error 403: Forbidden
[17:16:19] ⏱ 다운로드 fetch 0.1s size=724480 SRT_900.png
[17:16:19] ⏱ 다운로드구간 SRT_900 0.5s · SRT_900.png
[17:16:25] ⏱ 다운로드후유휴 SRT_900 5.5s · idle=True
[17:16:25] ⏱ 씬합계 SRT_900 26.8s · https://www.genspark.ai/api/files/s/oxgszret
[17:16:25] SRT_900 생성·다운로드 완료
C:\cursor\videt\무협극장\검신귀환록\1부\10장\png\SRT_900.png
[17:16:25] run_scene 시작 SRT_915 · seen_files=61 · last_saved=https://www.genspark.ai/api/files/s/oxgszret
[17:16:25] ⏱ 준비 SRT_915 0.0s · chars=290
[17:16:26] ⏱ 다음명령유휴 SRT_915 1.3s · idle=True
[17:16:27] fill OK follow=True chars=290 url=https://www.genspark.ai/agents?id=d1f5f2f8-4d7a-4196-89c4-cc4c2be0e35d
[17:16:27] submit 시작 composer=290 url=https://www.genspark.ai/agents?id=d1f5f2f8-4d7a-4196-89c4-cc4c2be0e35d
[17:16:27] submit geo=corner-live x=546 y=812
[17:16:27] submit 시도 method=geo geo=True
[17:16:28] submit 미확인 method=geo generating=False composer=290
[17:16:28] submit geo=corner-live x=546 y=812
[17:16:28] submit 시도 method=send send=True
[17:16:29] submit 미확인 method=send generating=False composer=290
[17:16:29] submit 시도 method=ctrl
[17:16:30] submit 미확인 method=ctrl generating=False composer=290
[17:16:30] submit 시도 method=enter
[17:16:30] submit 확인 method=enter generating=False composer=0
[17:16:30] ⏱ 입력·전송 SRT_915 4.1s · chars=290
[17:16:30] 제출 후 last_saved=https://www.genspark.ai/api/files/s/oxgszret
[17:16:30] ⏱ 생성대기 시작 SRT_915 max=120s
[17:16:45] ⏱ 생성대기 진행 15.0s SRT_915 busy=False url_ok=True
[17:16:46] ⏱ 생성대기 완료 15.2s SRT_915 https://www.genspark.ai/api/files/s/megisj9o
[17:16:46] ⏱ 생성대기구간 SRT_915 15.2s · ok=True
[17:16:46] SRT_915 근접 이미지 https://www.genspark.ai/api/files/s/megisj9o
[17:16:46] 다운로드 files URL=https://www.genspark.ai/api/files/s/megisj9o → SRT_915.png
[17:16:46] ⏱ 다운로드 직접실패 0.2s · 페이지 fetch 재시도: HTTP Error 403: Forbidden
[17:16:46] ⏱ 다운로드 fetch 0.1s size=705351 SRT_915.png
[17:16:46] ⏱ 다운로드구간 SRT_915 0.3s · SRT_915.png
[17:16:51] ⏱ 다운로드후유휴 SRT_915 5.5s · idle=True
[17:16:51] ⏱ 씬합계 SRT_915 26.8s · https://www.genspark.ai/api/files/s/megisj9o
[17:16:51] SRT_915 생성·다운로드 완료
C:\cursor\videt\무협극장\검신귀환록\1부\10장\png\SRT_915.png
[17:16:52] run_scene 시작 SRT_930 · seen_files=62 · last_saved=https://www.genspark.ai/api/files/s/megisj9o
[17:16:52] ⏱ 준비 SRT_930 0.0s · chars=338
[17:16:53] ⏱ 다음명령유휴 SRT_930 1.3s · idle=True
[17:16:54] fill OK follow=True chars=338 url=https://www.genspark.ai/agents?id=d1f5f2f8-4d7a-4196-89c4-cc4c2be0e35d
[17:16:54] submit 시작 composer=338 url=https://www.genspark.ai/agents?id=d1f5f2f8-4d7a-4196-89c4-cc4c2be0e35d
[17:16:54] submit geo=corner-live x=546 y=812
[17:16:54] submit 시도 method=geo geo=True
[17:16:55] submit 미확인 method=geo generating=False composer=338
[17:16:55] submit geo=corner-live x=546 y=812
[17:16:55] submit 시도 method=send send=True
[17:16:56] submit 미확인 method=send generating=False composer=338
[17:16:56] submit 시도 method=ctrl
[17:16:57] submit 미확인 method=ctrl generating=False composer=338
[17:16:57] submit 시도 method=enter
[17:16:57] submit 확인 method=enter generating=False composer=0
[17:16:57] ⏱ 입력·전송 SRT_930 4.3s · chars=338
[17:16:57] 제출 후 last_saved=https://www.genspark.ai/api/files/s/megisj9o
[17:16:57] ⏱ 생성대기 시작 SRT_930 max=120s
[17:17:12] ⏱ 생성대기 완료 14.3s SRT_930 https://www.genspark.ai/api/files/s/82tlihds
[17:17:12] ⏱ 생성대기구간 SRT_930 14.3s · ok=True
[17:17:12] SRT_930 근접 이미지 https://www.genspark.ai/api/files/s/82tlihds
[17:17:12] 다운로드 files URL=https://www.genspark.ai/api/files/s/82tlihds → SRT_930.png
[17:17:12] ⏱ 다운로드 직접실패 0.3s · 페이지 fetch 재시도: HTTP Error 403: Forbidden
[17:17:12] ⏱ 다운로드 fetch 0.1s size=689951 SRT_930.png
[17:17:12] ⏱ 다운로드구간 SRT_930 0.4s · SRT_930.png
[17:17:20] ⏱ 다운로드후유휴 SRT_930 7.8s · idle=True
[17:17:20] ⏱ 씬합계 SRT_930 28.3s · https://www.genspark.ai/api/files/s/82tlihds
[17:17:20] SRT_930 생성·다운로드 완료
C:\cursor\videt\무협극장\검신귀환록\1부\10장\png\SRT_930.png
[17:17:20] run_scene 시작 SRT_945 · seen_files=63 · last_saved=https://www.genspark.ai/api/files/s/82tlihds
[17:17:20] ⏱ 준비 SRT_945 0.0s · chars=334
[17:17:21] ⏱ 다음명령유휴 SRT_945 1.3s · idle=True
[17:17:22] fill OK follow=True chars=334 url=https://www.genspark.ai/agents?id=d1f5f2f8-4d7a-4196-89c4-cc4c2be0e35d
[17:17:22] submit 시작 composer=334 url=https://www.genspark.ai/agents?id=d1f5f2f8-4d7a-4196-89c4-cc4c2be0e35d
[17:17:23] submit geo=corner-live x=546 y=812
[17:17:23] submit 시도 method=geo geo=True
[17:17:23] submit 미확인 method=geo generating=False composer=334
[17:17:24] submit geo=corner-live x=546 y=812
[17:17:24] submit 시도 method=send send=True
[17:17:24] submit 미확인 method=send generating=False composer=334
[17:17:24] submit 시도 method=ctrl
[17:17:25] submit 미확인 method=ctrl generating=False composer=334
[17:17:25] submit 시도 method=enter
[17:17:26] submit 확인 method=enter generating=False composer=0
[17:17:26] ⏱ 입력·전송 SRT_945 4.1s · chars=334
[17:17:26] 제출 후 last_saved=https://www.genspark.ai/api/files/s/82tlihds
[17:17:26] ⏱ 생성대기 시작 SRT_945 max=120s
[17:17:40] ⏱ 생성대기 완료(busy무시) 14.2s SRT_945 https://www.genspark.ai/api/files/s/dnaccsio
[17:17:40] ⏱ 생성대기구간 SRT_945 14.2s · ok=True
[17:17:40] SRT_945 근접 이미지 https://www.genspark.ai/api/files/s/dnaccsio
[17:17:40] 다운로드 files URL=https://www.genspark.ai/api/files/s/dnaccsio → SRT_945.png
[17:17:40] ⏱ 다운로드 직접실패 0.3s · 페이지 fetch 재시도: HTTP Error 403: Forbidden
[17:17:40] ⏱ 다운로드 fetch 0.1s size=685501 SRT_945.png
[17:17:40] ⏱ 다운로드구간 SRT_945 0.4s · SRT_945.png
[17:17:44] ⏱ 다운로드후유휴 SRT_945 3.6s · idle=True
[17:17:44] ⏱ 씬합계 SRT_945 23.9s · https://www.genspark.ai/api/files/s/dnaccsio
[17:17:44] SRT_945 생성·다운로드 완료
C:\cursor\videt\무협극장\검신귀환록\1부\10장\png\SRT_945.png
[17:17:44] run_scene 시작 SRT_960 · seen_files=64 · last_saved=https://www.genspark.ai/api/files/s/dnaccsio
[17:17:44] ⏱ 준비 SRT_960 0.0s · chars=306
[17:17:46] ⏱ 다음명령유휴 SRT_960 1.4s · idle=True
[17:17:46] fill OK follow=True chars=306 url=https://www.genspark.ai/agents?id=d1f5f2f8-4d7a-4196-89c4-cc4c2be0e35d
[17:17:46] submit 시작 composer=306 url=https://www.genspark.ai/agents?id=d1f5f2f8-4d7a-4196-89c4-cc4c2be0e35d
[17:17:47] submit geo=corner-live x=546 y=812
[17:17:47] submit 시도 method=geo geo=True
[17:17:47] submit 미확인 method=geo generating=False composer=306
[17:17:48] submit geo=corner-live x=546 y=812
[17:17:48] submit 시도 method=send send=True
[17:17:48] submit 미확인 method=send generating=False composer=306
[17:17:49] submit 시도 method=ctrl
[17:17:49] submit 미확인 method=ctrl generating=False composer=306
[17:17:49] submit 시도 method=enter
[17:17:50] submit 확인 method=enter generating=False composer=0
[17:17:50] ⏱ 입력·전송 SRT_960 4.2s · chars=306
[17:17:50] 제출 후 last_saved=https://www.genspark.ai/api/files/s/dnaccsio
[17:17:50] ⏱ 생성대기 시작 SRT_960 max=120s
[17:18:02] ⏱ 생성대기 완료 11.8s SRT_960 https://www.genspark.ai/api/files/s/c8rjgpz2
[17:18:02] ⏱ 생성대기구간 SRT_960 11.8s · ok=True
[17:18:02] SRT_960 근접 이미지 https://www.genspark.ai/api/files/s/c8rjgpz2
[17:18:02] 다운로드 files URL=https://www.genspark.ai/api/files/s/c8rjgpz2 → SRT_960.png
[17:18:02] ⏱ 다운로드 직접실패 0.3s · 페이지 fetch 재시도: HTTP Error 403: Forbidden
[17:18:02] ⏱ 다운로드 fetch 0.1s size=669192 SRT_960.png
[17:18:02] ⏱ 다운로드구간 SRT_960 0.4s · SRT_960.png
[17:18:11] ⏱ 다운로드후유휴 SRT_960 8.8s · idle=True
[17:18:11] ⏱ 씬합계 SRT_960 26.8s · https://www.genspark.ai/api/files/s/c8rjgpz2
[17:18:11] SRT_960 생성·다운로드 완료
C:\cursor\videt\무협극장\검신귀환록\1부\10장\png\SRT_960.png
[17:18:11] run_scene 시작 SRT_975 · seen_files=65 · last_saved=https://www.genspark.ai/api/files/s/c8rjgpz2
[17:18:11] ⏱ 준비 SRT_975 0.0s · chars=335
[17:18:12] ⏱ 다음명령유휴 SRT_975 1.3s · idle=True
[17:18:13] fill OK follow=True chars=335 url=https://www.genspark.ai/agents?id=d1f5f2f8-4d7a-4196-89c4-cc4c2be0e35d
[17:18:13] submit 시작 composer=335 url=https://www.genspark.ai/agents?id=d1f5f2f8-4d7a-4196-89c4-cc4c2be0e35d
[17:18:14] submit geo=corner-live x=546 y=812
[17:18:14] submit 시도 method=geo geo=True
[17:18:14] submit 미확인 method=geo generating=False composer=335
[17:18:15] submit geo=corner-live x=546 y=812
[17:18:15] submit 시도 method=send send=True
[17:18:15] submit 미확인 method=send generating=False composer=335
[17:18:15] submit 시도 method=ctrl
[17:18:16] submit 미확인 method=ctrl generating=False composer=335
[17:18:16] submit 시도 method=enter
[17:18:17] submit 확인 method=enter generating=False composer=0
[17:18:17] ⏱ 입력·전송 SRT_975 4.1s · chars=335
[17:18:17] 제출 후 last_saved=https://www.genspark.ai/api/files/s/c8rjgpz2
[17:18:17] ⏱ 생성대기 시작 SRT_975 max=120s
[17:18:30] ⏱ 생성대기 완료 13.6s SRT_975 https://www.genspark.ai/api/files/s/owioivfa
[17:18:30] ⏱ 생성대기구간 SRT_975 13.6s · ok=True
[17:18:30] 폴백: 미수신 api/files https://www.genspark.ai/api/files/s/owioivfa
[17:18:30] 다운로드 files URL=https://www.genspark.ai/api/files/s/owioivfa → SRT_975.png
[17:18:31] ⏱ 다운로드 직접실패 0.3s · 페이지 fetch 재시도: HTTP Error 403: Forbidden
[17:18:31] ⏱ 다운로드 fetch 0.1s size=593537 SRT_975.png
[17:18:31] ⏱ 다운로드구간 SRT_975 0.4s · SRT_975.png
[17:18:35] ⏱ 다운로드후유휴 SRT_975 4.1s · idle=True
[17:18:35] ⏱ 씬합계 SRT_975 23.7s · https://www.genspark.ai/api/files/s/owioivfa
[17:18:35] SRT_975 생성·다운로드 완료
C:\cursor\videt\무협극장\검신귀환록\1부\10장\png\SRT_975.png
[17:18:35] run_scene 시작 SRT_990 · seen_files=66 · last_saved=https://www.genspark.ai/api/files/s/owioivfa
[17:18:35] ⏱ 준비 SRT_990 0.0s · chars=330
[17:18:37] ⏱ 다음명령유휴 SRT_990 1.5s · idle=True
[17:18:37] fill OK follow=True chars=330 url=https://www.genspark.ai/agents?id=d1f5f2f8-4d7a-4196-89c4-cc4c2be0e35d
[17:18:37] submit 시작 composer=330 url=https://www.genspark.ai/agents?id=d1f5f2f8-4d7a-4196-89c4-cc4c2be0e35d
[17:18:38] submit geo=corner-live x=546 y=812
[17:18:38] submit 시도 method=geo geo=True
[17:18:38] submit 미확인 method=geo generating=False composer=330
[17:18:39] submit geo=corner-live x=546 y=812
[17:18:39] submit 시도 method=send send=True
[17:18:39] submit 미확인 method=send generating=False composer=330
[17:18:39] submit 시도 method=ctrl
[17:18:40] submit 미확인 method=ctrl generating=False composer=330
[17:18:40] submit 시도 method=enter
[17:18:41] submit 확인 method=enter generating=False composer=0
[17:18:41] ⏱ 입력·전송 SRT_990 4.1s · chars=330
[17:18:41] 제출 후 last_saved=https://www.genspark.ai/api/files/s/owioivfa
[17:18:41] ⏱ 생성대기 시작 SRT_990 max=120s
[17:18:54] ⏱ 생성대기 완료 12.8s SRT_990 https://www.genspark.ai/api/files/s/ksng1qhw
[17:18:54] ⏱ 생성대기구간 SRT_990 12.8s · ok=True
[17:18:54] SRT_990 근접 이미지 https://www.genspark.ai/api/files/s/ksng1qhw
[17:18:54] 다운로드 files URL=https://www.genspark.ai/api/files/s/ksng1qhw → SRT_990.png
[17:18:54] ⏱ 다운로드 직접실패 0.3s · 페이지 fetch 재시도: HTTP Error 403: Forbidden
[17:18:54] ⏱ 다운로드 fetch 0.1s size=707327 SRT_990.png
[17:18:54] ⏱ 다운로드구간 SRT_990 0.4s · SRT_990.png
[17:18:59] ⏱ 다운로드후유휴 SRT_990 5.1s · idle=True
[17:18:59] ⏱ 씬합계 SRT_990 24.0s · https://www.genspark.ai/api/files/s/ksng1qhw
[17:18:59] SRT_990 생성·다운로드 완료
C:\cursor\videt\무협극장\검신귀환록\1부\10장\png\SRT_990.png
[17:18:59] run_scene 시작 SRT_1005 · seen_files=67 · last_saved=https://www.genspark.ai/api/files/s/ksng1qhw
[17:18:59] ⏱ 준비 SRT_1005 0.0s · chars=361
[17:19:01] ⏱ 다음명령유휴 SRT_1005 1.4s · idle=True
[17:19:01] fill OK follow=True chars=361 url=https://www.genspark.ai/agents?id=d1f5f2f8-4d7a-4196-89c4-cc4c2be0e35d
[17:19:01] submit 시작 composer=361 url=https://www.genspark.ai/agents?id=d1f5f2f8-4d7a-4196-89c4-cc4c2be0e35d
[17:19:02] submit geo=corner-live x=546 y=812
[17:19:02] submit 시도 method=geo geo=True
[17:19:02] submit 미확인 method=geo generating=False composer=361
[17:19:03] submit geo=corner-live x=546 y=812
[17:19:03] submit 시도 method=send send=True
[17:19:04] submit 미확인 method=send generating=False composer=361
[17:19:04] submit 시도 method=ctrl
[17:19:04] submit 미확인 method=ctrl generating=False composer=361
[17:19:04] submit 시도 method=enter
[17:19:05] submit 확인 method=enter generating=False composer=0
[17:19:05] ⏱ 입력·전송 SRT_1005 4.2s · chars=361
[17:19:05] 제출 후 last_saved=https://www.genspark.ai/api/files/s/ksng1qhw
[17:19:05] ⏱ 생성대기 시작 SRT_1005 max=120s
[17:19:17] ⏱ 생성대기 완료 12.3s SRT_1005 https://www.genspark.ai/api/files/s/45fhxb9d
[17:19:17] ⏱ 생성대기구간 SRT_1005 12.3s · ok=True
[17:19:17] SRT_1005 근접 이미지 https://www.genspark.ai/api/files/s/45fhxb9d
[17:19:17] 다운로드 files URL=https://www.genspark.ai/api/files/s/45fhxb9d → SRT_1005.png
[17:19:18] ⏱ 다운로드 직접실패 0.2s · 페이지 fetch 재시도: HTTP Error 403: Forbidden
[17:19:18] ⏱ 다운로드 fetch 0.1s size=726713 SRT_1005.png
[17:19:18] ⏱ 다운로드구간 SRT_1005 0.3s · SRT_1005.png
[17:19:19] ⏱ 다운로드후유휴 SRT_1005 1.4s · idle=True
[17:19:19] ⏱ 씬합계 SRT_1005 19.9s · https://www.genspark.ai/api/files/s/45fhxb9d
[17:19:19] SRT_1005 생성·다운로드 완료
C:\cursor\videt\무협극장\검신귀환록\1부\10장\png\SRT_1005.png
[17:19:19] run_scene 시작 SRT_1020 · seen_files=68 · last_saved=https://www.genspark.ai/api/files/s/45fhxb9d
[17:19:19] ⏱ 준비 SRT_1020 0.0s · chars=341
[17:19:21] ⏱ 다음명령유휴 SRT_1020 1.4s · idle=True
[17:19:21] fill OK follow=True chars=341 url=https://www.genspark.ai/agents?id=d1f5f2f8-4d7a-4196-89c4-cc4c2be0e35d
[17:19:21] submit 시작 composer=341 url=https://www.genspark.ai/agents?id=d1f5f2f8-4d7a-4196-89c4-cc4c2be0e35d
[17:19:22] submit geo=corner-live x=546 y=812
[17:19:22] submit 시도 method=geo geo=True
[17:19:23] submit 미확인 method=geo generating=False composer=341
[17:19:23] submit geo=corner-live x=546 y=812
[17:19:23] submit 시도 method=send send=True
[17:19:24] submit 미확인 method=send generating=False composer=341
[17:19:24] submit 시도 method=ctrl
[17:19:24] submit 미확인 method=ctrl generating=False composer=341
[17:19:24] submit 시도 method=enter
[17:19:25] submit 확인 method=enter generating=False composer=0
[17:19:25] ⏱ 입력·전송 SRT_1020 4.4s · chars=341
[17:19:25] 제출 후 last_saved=https://www.genspark.ai/api/files/s/45fhxb9d
[17:19:25] ⏱ 생성대기 시작 SRT_1020 max=120s
[17:19:38] ⏱ 생성대기 완료 12.4s SRT_1020 https://www.genspark.ai/api/files/s/riwycqbr
[17:19:38] ⏱ 생성대기구간 SRT_1020 12.4s · ok=True
[17:19:38] SRT_1020 근접 이미지 https://www.genspark.ai/api/files/s/riwycqbr
[17:19:38] 다운로드 files URL=https://www.genspark.ai/api/files/s/riwycqbr → SRT_1020.png
[17:19:38] ⏱ 다운로드 직접실패 0.3s · 페이지 fetch 재시도: HTTP Error 403: Forbidden
[17:19:38] ⏱ 다운로드 fetch 0.1s size=694716 SRT_1020.png
[17:19:38] ⏱ 다운로드구간 SRT_1020 0.4s · SRT_1020.png
[17:19:40] ⏱ 다운로드후유휴 SRT_1020 1.4s · idle=True
[17:19:40] ⏱ 씬합계 SRT_1020 20.3s · https://www.genspark.ai/api/files/s/riwycqbr
[17:19:40] SRT_1020 생성·다운로드 완료
C:\cursor\videt\무협극장\검신귀환록\1부\10장\png\SRT_1020.png
[17:19:40] run_scene 시작 SRT_1035 · seen_files=69 · last_saved=https://www.genspark.ai/api/files/s/riwycqbr
[17:19:40] ⏱ 준비 SRT_1035 0.0s · chars=314
[17:19:41] ⏱ 다음명령유휴 SRT_1035 1.3s · idle=True
[17:19:42] fill OK follow=True chars=314 url=https://www.genspark.ai/agents?id=d1f5f2f8-4d7a-4196-89c4-cc4c2be0e35d
[17:19:42] submit 시작 composer=314 url=https://www.genspark.ai/agents?id=d1f5f2f8-4d7a-4196-89c4-cc4c2be0e35d
[17:19:42] submit geo=corner-live x=546 y=812
[17:19:42] submit 시도 method=geo geo=True
[17:19:43] submit 미확인 method=geo generating=False composer=314
[17:19:43] submit geo=corner-live x=546 y=812
[17:19:43] submit 시도 method=send send=True
[17:19:44] submit 미확인 method=send generating=False composer=314
[17:19:44] submit 시도 method=ctrl
[17:19:45] submit 미확인 method=ctrl generating=False composer=314
[17:19:45] submit 시도 method=enter
[17:19:45] submit 확인 method=enter generating=False composer=0
[17:19:45] ⏱ 입력·전송 SRT_1035 4.3s · chars=314
[17:19:45] 제출 후 last_saved=https://www.genspark.ai/api/files/s/riwycqbr
[17:19:46] ⏱ 생성대기 시작 SRT_1035 max=120s
[17:19:58] ⏱ 생성대기 완료 12.3s SRT_1035 https://www.genspark.ai/api/files/s/5k38a24k
[17:19:58] ⏱ 생성대기구간 SRT_1035 12.4s · ok=True
[17:19:58] SRT_1035 근접 이미지 https://www.genspark.ai/api/files/s/5k38a24k
[17:19:58] 다운로드 files URL=https://www.genspark.ai/api/files/s/5k38a24k → SRT_1035.png
[17:19:59] ⏱ 다운로드 직접실패 1.1s · 페이지 fetch 재시도: HTTP Error 403: Forbidden
[17:19:59] ⏱ 다운로드 fetch 0.1s size=735922 SRT_1035.png
[17:19:59] ⏱ 다운로드구간 SRT_1035 1.2s · SRT_1035.png
[17:20:01] ⏱ 다운로드후유휴 SRT_1035 1.5s · idle=True
[17:20:01] ⏱ 씬합계 SRT_1035 21.0s · https://www.genspark.ai/api/files/s/5k38a24k
[17:20:01] SRT_1035 생성·다운로드 완료
C:\cursor\videt\무협극장\검신귀환록\1부\10장\png\SRT_1035.png
[17:20:01] run_scene 시작 SRT_1050 · seen_files=70 · last_saved=https://www.genspark.ai/api/files/s/5k38a24k
[17:20:01] ⏱ 준비 SRT_1050 0.0s · chars=340
[17:20:02] ⏱ 다음명령유휴 SRT_1050 1.4s · idle=True
[17:20:03] fill OK follow=True chars=340 url=https://www.genspark.ai/agents?id=d1f5f2f8-4d7a-4196-89c4-cc4c2be0e35d
[17:20:03] submit 시작 composer=340 url=https://www.genspark.ai/agents?id=d1f5f2f8-4d7a-4196-89c4-cc4c2be0e35d
[17:20:03] submit geo=corner-live x=546 y=812
[17:20:03] submit 시도 method=geo geo=True
[17:20:04] submit 미확인 method=geo generating=False composer=340
[17:20:05] submit geo=corner-live x=546 y=812
[17:20:05] submit 시도 method=send send=True
[17:20:05] submit 미확인 method=send generating=False composer=340
[17:20:05] submit 시도 method=ctrl
[17:20:06] submit 미확인 method=ctrl generating=False composer=340
[17:20:06] submit 시도 method=enter
[17:20:07] submit 확인 method=enter generating=False composer=0
[17:20:07] ⏱ 입력·전송 SRT_1050 4.3s · chars=340
[17:20:07] 제출 후 last_saved=https://www.genspark.ai/api/files/s/5k38a24k
[17:20:07] ⏱ 생성대기 시작 SRT_1050 max=120s
[17:20:21] 생성대기 예외(closed): Page.wait_for_timeout: Target page, context or browser has been closed
[17:20:21] 생성대기: 작업탭 닫힘 → 복구
[17:20:21] run_scene 실패(재시도 없음): 브라우저 탭이 닫혔습니다. 「브라우저 열기」를 다시 눌러 주세요.
[17:20:21] SRT_1050 실패 — 다음 씬 계속
브라우저 탭이 닫혔습니다. 「브라우저 열기」를 다시 눌러 주세요.
[17:20:21] run_scene 시작 SRT_1065 · seen_files=70 · last_saved=https://www.genspark.ai/api/files/s/5k38a24k
[17:20:21] run_scene 실패(재시도 없음): 브라우저 탭이 닫혔습니다. 「브라우저 열기」를 다시 눌러 주세요.
[17:20:21] SRT_1065 실패 — 다음 씬 계속
브라우저 탭이 닫혔습니다. 「브라우저 열기」를 다시 눌러 주세요.
[17:20:21] run_scene 시작 SRT_1080 · seen_files=70 · last_saved=https://www.genspark.ai/api/files/s/5k38a24k
[17:20:21] run_scene 실패(재시도 없음): 브라우저 탭이 닫혔습니다. 「브라우저 열기」를 다시 눌러 주세요.
[17:20:21] SRT_1080 실패 — 다음 씬 계속
브라우저 탭이 닫혔습니다. 「브라우저 열기」를 다시 눌러 주세요.
[17:20:21] run_scene 시작 SRT_1095 · seen_files=70 · last_saved=https://www.genspark.ai/api/files/s/5k38a24k
[17:20:21] run_scene 실패(재시도 없음): 브라우저 탭이 닫혔습니다. 「브라우저 열기」를 다시 눌러 주세요.
[17:20:21] SRT_1095 실패 — 다음 씬 계속
브라우저 탭이 닫혔습니다. 「브라우저 열기」를 다시 눌러 주세요.
[17:20:21] run_scene 시작 SRT_1110 · seen_files=70 · last_saved=https://www.genspark.ai/api/files/s/5k38a24k
[17:20:21] run_scene 실패(재시도 없음): 브라우저 탭이 닫혔습니다. 「브라우저 열기」를 다시 눌러 주세요.
[17:20:21] SRT_1110 실패 — 다음 씬 계속
브라우저 탭이 닫혔습니다. 「브라우저 열기」를 다시 눌러 주세요.
[17:20:22] run_scene 시작 SRT_1125 · seen_files=70 · last_saved=https://www.genspark.ai/api/files/s/5k38a24k
[17:20:22] run_scene 실패(재시도 없음): 브라우저 탭이 닫혔습니다. 「브라우저 열기」를 다시 눌러 주세요.
[17:20:22] SRT_1125 실패 — 다음 씬 계속
브라우저 탭이 닫혔습니다. 「브라우저 열기」를 다시 눌러 주세요.
[17:20:22] run_scene 시작 SRT_1140 · seen_files=70 · last_saved=https://www.genspark.ai/api/files/s/5k38a24k
[17:20:22] run_scene 실패(재시도 없음): 브라우저 탭이 닫혔습니다. 「브라우저 열기」를 다시 눌러 주세요.
[17:20:22] SRT_1140 실패 — 다음 씬 계속
브라우저 탭이 닫혔습니다. 「브라우저 열기」를 다시 눌러 주세요.
[17:20:22] run_scene 시작 SRT_1155 · seen_files=70 · last_saved=https://www.genspark.ai/api/files/s/5k38a24k
[17:20:22] run_scene 실패(재시도 없음): 브라우저 탭이 닫혔습니다. 「브라우저 열기」를 다시 눌러 주세요.
[17:20:22] SRT_1155 실패 — 다음 씬 계속
브라우저 탭이 닫혔습니다. 「브라우저 열기」를 다시 눌러 주세요.
[17:20:22] run_scene 시작 SRT_1170 · seen_files=70 · last_saved=https://www.genspark.ai/api/files/s/5k38a24k
[17:20:22] run_scene 실패(재시도 없음): 브라우저 탭이 닫혔습니다. 「브라우저 열기」를 다시 눌러 주세요.
[17:20:22] SRT_1170 실패 — 다음 씬 계속
브라우저 탭이 닫혔습니다. 「브라우저 열기」를 다시 눌러 주세요.
[17:20:22] run_scene 시작 SRT_1185 · seen_files=70 · last_saved=https://www.genspark.ai/api/files/s/5k38a24k
[17:20:22] run_scene 실패(재시도 없음): 브라우저 탭이 닫혔습니다. 「브라우저 열기」를 다시 눌러 주세요.
[17:20:22] SRT_1185 실패 — 다음 씬 계속
브라우저 탭이 닫혔습니다. 「브라우저 열기」를 다시 눌러 주세요.
[17:20:22] run_scene 시작 SRT_1200 · seen_files=70 · last_saved=https://www.genspark.ai/api/files/s/5k38a24k
[17:20:22] run_scene 실패(재시도 없음): 브라우저 탭이 닫혔습니다. 「브라우저 열기」를 다시 눌러 주세요.
[17:20:22] SRT_1200 실패 — 다음 씬 계속
브라우저 탭이 닫혔습니다. 「브라우저 열기」를 다시 눌러 주세요.
[17:20:23] run_scene 시작 SRT_1215 · seen_files=70 · last_saved=https://www.genspark.ai/api/files/s/5k38a24k
[17:20:23] run_scene 실패(재시도 없음): 브라우저 탭이 닫혔습니다. 「브라우저 열기」를 다시 눌러 주세요.
[17:20:23] SRT_1215 실패 — 다음 씬 계속
브라우저 탭이 닫혔습니다. 「브라우저 열기」를 다시 눌러 주세요.
[17:20:23] run_scene 시작 SRT_1230 · seen_files=70 · last_saved=https://www.genspark.ai/api/files/s/5k38a24k
[17:20:23] run_scene 실패(재시도 없음): 브라우저 탭이 닫혔습니다. 「브라우저 열기」를 다시 눌러 주세요.
[17:20:23] SRT_1230 실패 — 다음 씬 계속
브라우저 탭이 닫혔습니다. 「브라우저 열기」를 다시 눌러 주세요.
[17:20:23] run_scene 시작 SRT_1245 · seen_files=70 · last_saved=https://www.genspark.ai/api/files/s/5k38a24k
[17:20:23] run_scene 실패(재시도 없음): 브라우저 탭이 닫혔습니다. 「브라우저 열기」를 다시 눌러 주세요.
[17:20:23] SRT_1245 실패 — 다음 씬 계속
브라우저 탭이 닫혔습니다. 「브라우저 열기」를 다시 눌러 주세요.
[17:20:23] run_scene 시작 SRT_1260 · seen_files=70 · last_saved=https://www.genspark.ai/api/files/s/5k38a24k
[17:20:23] run_scene 실패(재시도 없음): 브라우저 탭이 닫혔습니다. 「브라우저 열기」를 다시 눌러 주세요.
[17:20:23] SRT_1260 실패 — 다음 씬 계속
브라우저 탭이 닫혔습니다. 「브라우저 열기」를 다시 눌러 주세요.
[17:20:23] run_scene 시작 SRT_1275 · seen_files=70 · last_saved=https://www.genspark.ai/api/files/s/5k38a24k
[17:20:23] run_scene 실패(재시도 없음): 브라우저 탭이 닫혔습니다. 「브라우저 열기」를 다시 눌러 주세요.
[17:20:23] SRT_1275 실패 — 다음 씬 계속
브라우저 탭이 닫혔습니다. 「브라우저 열기」를 다시 눌러 주세요.
[17:20:23] run_scene 시작 SRT_1290 · seen_files=70 · last_saved=https://www.genspark.ai/api/files/s/5k38a24k
[17:20:23] run_scene 실패(재시도 없음): 브라우저 탭이 닫혔습니다. 「브라우저 열기」를 다시 눌러 주세요.
[17:20:23] SRT_1290 실패 — 다음 씬 계속
브라우저 탭이 닫혔습니다. 「브라우저 열기」를 다시 눌러 주세요.
[17:20:24] run_scene 시작 SRT_1305 · seen_files=70 · last_saved=https://www.genspark.ai/api/files/s/5k38a24k
[17:20:24] run_scene 실패(재시도 없음): 브라우저 탭이 닫혔습니다. 「브라우저 열기」를 다시 눌러 주세요.
[17:20:24] SRT_1305 실패 — 다음 씬 계속
브라우저 탭이 닫혔습니다. 「브라우저 열기」를 다시 눌러 주세요.
[17:20:24] run_scene 시작 SRT_1320 · seen_files=70 · last_saved=https://www.genspark.ai/api/files/s/5k38a24k
[17:20:24] run_scene 실패(재시도 없음): 브라우저 탭이 닫혔습니다. 「브라우저 열기」를 다시 눌러 주세요.
[17:20:24] SRT_1320 실패 — 다음 씬 계속
브라우저 탭이 닫혔습니다. 「브라우저 열기」를 다시 눌러 주세요.
[17:20:24] run_scene 시작 SRT_1335 · seen_files=70 · last_saved=https://www.genspark.ai/api/files/s/5k38a24k
[17:20:24] run_scene 실패(재시도 없음): 브라우저 탭이 닫혔습니다. 「브라우저 열기」를 다시 눌러 주세요.
[17:20:24] SRT_1335 실패 — 다음 씬 계속
브라우저 탭이 닫혔습니다. 「브라우저 열기」를 다시 눌러 주세요.
[21:49:13] 탭로그 ON — 브라우저 열기·생성 · 씬 46개 · reopen=True
[21:49:19] ChromeDebug 재시작 port=9242 user_data=C:\ChromeDebug_2_5
[21:49:25] 모델 이미 Pro: Nano Banana Pro
[21:49:25] 세션 준비 — login=OK model=Nano Banana Pro auto=True
[21:49:26] ensure_page cur_sc=10 prefer_sc=10 cur=https://www.genspark.ai/ai_image prefer=https://www.genspark.ai/ai_image
[21:49:29] fill OK(clip) follow=False chars=71881
[21:49:29] 입력창 붙여넣기 — 프롬프트 45379자 + SRT 26459자 = 합계 71881자
  prompt=C:/cursor/videt/2_5_sceneImage/md/image.검신회귀록.txt
  srt=C:\cursor\videt\무협극장\검신귀환록\1부\10장\mp3\new.srt
[21:49:30] ensure_page cur_sc=10 prefer_sc=10 cur=https://www.genspark.ai/ai_image prefer=https://www.genspark.ai/ai_image
[21:49:32] 동일 입력창에 명령 추가(미실행): ===== SRT [1050, 1065) =====
자격이 없습니다. 자격은 우리 셋이 이
겨울 안에 만든다. 엄중산 원로가 조용히
말했다. 이번 겨울 우리 세 명의 이름으로
사문 안에 조용한 서찰 세 통을 돌린다.
진무한, 스물아홉 번째 정통 제자였으나, 하산 시험

SRT_1050 이미지를 지금 실제로 생성. 이전 S…
[21:49:32] run_scene 시작 SRT_1050 · seen_files=70 · last_saved=https://www.genspark.ai/api/files/s/5k38a24k
[21:49:32] ensure_page cur_sc=10 prefer_sc=10 cur=https://www.genspark.ai/ai_image prefer=https://www.genspark.ai/ai_image
[21:49:32] 모델 선택 시작 현재=(없음)
[21:49:32] 모델 선택 결과 ok=False 칩=(없음) picked=
[21:49:32] ⏱ 준비 SRT_1050 0.1s · chars=340
[21:49:32] submit 시작 composer=72229 url=https://www.genspark.ai/ai_image
[21:49:33] submit geo=corner-live x=1082 y=478
[21:49:33] submit 시도 method=geo geo=True
[21:49:33] submit 미확인 method=geo generating=False composer=72229
[21:49:34] submit geo=corner-live x=1082 y=478
[21:49:34] submit 시도 method=send send=True
[21:49:35] submit 미확인 method=send generating=False composer=72229
[21:49:35] submit 시도 method=ctrl
[21:49:36] submit 미확인 method=ctrl generating=False composer=72229
[21:49:36] submit 시도 method=enter
[21:49:37] submit 확인 method=enter generating=False composer=0
[21:49:37] ⏱ 입력창전송 SRT_1050 4.7s
[21:49:37] 제출 후 last_saved=https://www.genspark.ai/api/files/s/5k38a24k
[21:49:37] ⏱ 생성대기 시작 SRT_1050 max=120s
[21:49:53] ⏱ 생성대기 진행 15.2s SRT_1050 busy=False url_ok=False
[21:49:56] ⏱ 생성대기 완료(busy무시) 19.0s SRT_1050 https://www.genspark.ai/api/files/s/rvqqiazj
[21:49:56] ⏱ 생성대기구간 SRT_1050 19.0s · ok=True
[21:49:56] SRT_1050 근접 이미지 https://www.genspark.ai/api/files/s/rvqqiazj
[21:49:56] 다운로드 files URL=https://www.genspark.ai/api/files/s/rvqqiazj → SRT_1050.png
[21:49:57] ⏱ 다운로드 직접실패 0.3s · 페이지 fetch 재시도: HTTP Error 403: Forbidden
[21:49:57] ⏱ 다운로드 fetch 0.1s size=559236 SRT_1050.png
[21:49:57] ⏱ 다운로드구간 SRT_1050 0.4s · SRT_1050.png
[21:49:58] ⏱ 다운로드후유휴 SRT_1050 1.4s · idle=True
[21:49:58] ⏱ 씬합계 SRT_1050 25.8s · https://www.genspark.ai/api/files/s/rvqqiazj
[21:49:58] SRT_1050 생성·다운로드 완료
C:\cursor\videt\무협극장\검신귀환록\1부\10장\png\SRT_1050.png
[21:49:58] run_scene 시작 SRT_1065 · seen_files=71 · last_saved=https://www.genspark.ai/api/files/s/rvqqiazj
[21:49:58] ⏱ 준비 SRT_1065 0.0s · chars=365
[21:50:00] ⏱ 다음명령유휴 SRT_1065 1.3s · idle=True
[21:50:00] fill OK follow=True chars=365 url=https://www.genspark.ai/agents?id=8ebed4c4-bb9d-4924-9d58-debb36797f85
[21:50:00] submit 시작 composer=365 url=https://www.genspark.ai/agents?id=8ebed4c4-bb9d-4924-9d58-debb36797f85
[21:50:01] submit geo=corner-live x=546 y=812
[21:50:01] submit 시도 method=geo geo=True
[21:50:01] submit 미확인 method=geo generating=False composer=365
[21:50:02] submit geo=corner-live x=546 y=812
[21:50:02] submit 시도 method=send send=True
[21:50:02] submit 미확인 method=send generating=False composer=365
[21:50:02] submit 시도 method=ctrl
[21:50:03] submit 미확인 method=ctrl generating=False composer=365
[21:50:03] submit 시도 method=enter
[21:50:04] submit 확인 method=enter generating=False composer=0
[21:50:04] ⏱ 입력·전송 SRT_1065 4.1s · chars=365
[21:50:04] 제출 후 last_saved=https://www.genspark.ai/api/files/s/rvqqiazj
[21:50:04] ⏱ 생성대기 시작 SRT_1065 max=120s
[21:50:17] ⏱ 생성대기 완료(busy무시) 13.5s SRT_1065 https://www.genspark.ai/api/files/s/jk34jvvm
[21:50:17] ⏱ 생성대기구간 SRT_1065 13.5s · ok=True
[21:50:17] SRT_1065 근접 이미지 https://www.genspark.ai/api/files/s/jk34jvvm
[21:50:17] 다운로드 files URL=https://www.genspark.ai/api/files/s/jk34jvvm → SRT_1065.png
[21:50:18] ⏱ 다운로드 직접실패 0.2s · 페이지 fetch 재시도: HTTP Error 403: Forbidden
[21:50:18] ⏱ 다운로드 fetch 0.1s size=654588 SRT_1065.png
[21:50:18] ⏱ 다운로드구간 SRT_1065 0.3s · SRT_1065.png
[21:50:19] ⏱ 다운로드후유휴 SRT_1065 1.8s · idle=True
[21:50:19] ⏱ 씬합계 SRT_1065 21.3s · https://www.genspark.ai/api/files/s/jk34jvvm
[21:50:19] SRT_1065 생성·다운로드 완료
C:\cursor\videt\무협극장\검신귀환록\1부\10장\png\SRT_1065.png
[21:50:20] run_scene 시작 SRT_1080 · seen_files=72 · last_saved=https://www.genspark.ai/api/files/s/jk34jvvm
[21:50:20] ⏱ 준비 SRT_1080 0.0s · chars=368
[21:50:21] ⏱ 다음명령유휴 SRT_1080 1.4s · idle=True
[21:50:22] fill OK follow=True chars=368 url=https://www.genspark.ai/agents?id=8ebed4c4-bb9d-4924-9d58-debb36797f85
[21:50:22] submit 시작 composer=368 url=https://www.genspark.ai/agents?id=8ebed4c4-bb9d-4924-9d58-debb36797f85
[21:50:22] submit geo=corner-live x=546 y=812
[21:50:22] submit 시도 method=geo geo=True
[21:50:23] submit 미확인 method=geo generating=False composer=368
[21:50:23] submit geo=corner-live x=546 y=812
[21:50:23] submit 시도 method=send send=True
[21:50:24] submit 미확인 method=send generating=False composer=368
[21:50:24] submit 시도 method=ctrl
[21:50:25] submit 미확인 method=ctrl generating=False composer=368
[21:50:25] submit 시도 method=enter
[21:50:25] submit 확인 method=enter generating=False composer=0
[21:50:25] ⏱ 입력·전송 SRT_1080 4.1s · chars=368
[21:50:25] 제출 후 last_saved=https://www.genspark.ai/api/files/s/jk34jvvm
[21:50:25] ⏱ 생성대기 시작 SRT_1080 max=120s
[21:50:40] ⏱ 생성대기 완료(busy무시) 14.7s SRT_1080 https://www.genspark.ai/api/files/s/uh6swdib
[21:50:40] ⏱ 생성대기구간 SRT_1080 14.7s · ok=True
[21:50:40] SRT_1080 근접 이미지 https://www.genspark.ai/api/files/s/uh6swdib
[21:50:40] 다운로드 files URL=https://www.genspark.ai/api/files/s/uh6swdib → SRT_1080.png
[21:50:40] ⏱ 다운로드 직접실패 0.3s · 페이지 fetch 재시도: HTTP Error 403: Forbidden
[21:50:40] ⏱ 다운로드 fetch 0.1s size=683412 SRT_1080.png
[21:50:40] ⏱ 다운로드구간 SRT_1080 0.3s · SRT_1080.png
[21:50:42] ⏱ 다운로드후유휴 SRT_1080 1.9s · idle=True
[21:50:42] ⏱ 씬합계 SRT_1080 22.7s · https://www.genspark.ai/api/files/s/uh6swdib
[21:50:42] SRT_1080 생성·다운로드 완료
C:\cursor\videt\무협극장\검신귀환록\1부\10장\png\SRT_1080.png
[21:50:43] run_scene 시작 SRT_1095 · seen_files=73 · last_saved=https://www.genspark.ai/api/files/s/uh6swdib
[21:50:43] ⏱ 준비 SRT_1095 0.0s · chars=366
[21:50:44] ⏱ 다음명령유휴 SRT_1095 1.3s · idle=True
[21:50:44] fill OK follow=True chars=366 url=https://www.genspark.ai/agents?id=8ebed4c4-bb9d-4924-9d58-debb36797f85
[21:50:44] submit 시작 composer=366 url=https://www.genspark.ai/agents?id=8ebed4c4-bb9d-4924-9d58-debb36797f85
[21:50:45] submit geo=corner-live x=546 y=812
[21:50:45] submit 시도 method=geo geo=True
[21:50:46] submit 미확인 method=geo generating=False composer=366
[21:50:46] submit geo=corner-live x=546 y=812
[21:50:46] submit 시도 method=send send=True
[21:50:47] submit 미확인 method=send generating=False composer=366
[21:50:47] submit 시도 method=ctrl
[21:50:47] submit 미확인 method=ctrl generating=False composer=366
[21:50:47] submit 시도 method=enter
[21:50:48] submit 확인 method=enter generating=False composer=0
[21:50:48] ⏱ 입력·전송 SRT_1095 4.1s · chars=366
[21:50:48] 제출 후 last_saved=https://www.genspark.ai/api/files/s/uh6swdib
[21:50:48] ⏱ 생성대기 시작 SRT_1095 max=120s
[21:51:03] ⏱ 생성대기 진행 15.0s SRT_1095 busy=False url_ok=False
[21:51:04] ⏱ 생성대기 완료 15.7s SRT_1095 https://www.genspark.ai/api/files/s/ncwxclls
[21:51:04] ⏱ 생성대기구간 SRT_1095 15.7s · ok=True
[21:51:04] 폴백: 미수신 api/files https://www.genspark.ai/api/files/s/ncwxclls
[21:51:04] 다운로드 files URL=https://www.genspark.ai/api/files/s/ncwxclls → SRT_1095.png
[21:51:04] ⏱ 다운로드 직접실패 0.2s · 페이지 fetch 재시도: HTTP Error 403: Forbidden
[21:51:04] ⏱ 다운로드 fetch 0.1s size=689719 SRT_1095.png
[21:51:04] ⏱ 다운로드구간 SRT_1095 0.3s · SRT_1095.png
[21:51:07] ⏱ 다운로드후유휴 SRT_1095 3.1s · idle=True
[21:51:07] ⏱ 씬합계 SRT_1095 24.7s · https://www.genspark.ai/api/files/s/ncwxclls
[21:51:07] SRT_1095 생성·다운로드 완료
C:\cursor\videt\무협극장\검신귀환록\1부\10장\png\SRT_1095.png
[21:51:07] run_scene 시작 SRT_1110 · seen_files=74 · last_saved=https://www.genspark.ai/api/files/s/ncwxclls
[21:51:07] ⏱ 준비 SRT_1110 0.0s · chars=341
[21:51:09] ⏱ 다음명령유휴 SRT_1110 1.4s · idle=True
[21:51:09] fill OK follow=True chars=341 url=https://www.genspark.ai/agents?id=8ebed4c4-bb9d-4924-9d58-debb36797f85
[21:51:09] submit 시작 composer=341 url=https://www.genspark.ai/agents?id=8ebed4c4-bb9d-4924-9d58-debb36797f85
[21:51:10] submit geo=corner-live x=546 y=812
[21:51:10] submit 시도 method=geo geo=True
[21:51:10] submit 미확인 method=geo generating=False composer=341
[21:51:11] submit geo=corner-live x=546 y=812
[21:51:11] submit 시도 method=send send=True
[21:51:11] submit 미확인 method=send generating=False composer=341
[21:51:12] submit 시도 method=ctrl
[21:51:12] submit 미확인 method=ctrl generating=False composer=341
[21:51:12] submit 시도 method=enter
[21:51:13] submit 확인 method=enter generating=False composer=0
[21:51:13] ⏱ 입력·전송 SRT_1110 3.9s · chars=341
[21:51:13] 제출 후 last_saved=https://www.genspark.ai/api/files/s/ncwxclls
[21:51:13] ⏱ 생성대기 시작 SRT_1110 max=120s
[21:51:27] ⏱ 생성대기 완료 14.2s SRT_1110 https://www.genspark.ai/api/files/s/gqavfwhu
[21:51:27] ⏱ 생성대기구간 SRT_1110 14.2s · ok=True
[21:51:27] SRT_1110 근접 이미지 https://www.genspark.ai/api/files/s/gqavfwhu
[21:51:27] 다운로드 files URL=https://www.genspark.ai/api/files/s/gqavfwhu → SRT_1110.png
[21:51:27] ⏱ 다운로드 직접실패 0.2s · 페이지 fetch 재시도: HTTP Error 403: Forbidden
[21:51:27] ⏱ 다운로드 fetch 0.1s size=790680 SRT_1110.png
[21:51:27] ⏱ 다운로드구간 SRT_1110 0.3s · SRT_1110.png
[21:51:32] ⏱ 다운로드후유휴 SRT_1110 4.5s · idle=True
[21:51:32] ⏱ 씬합계 SRT_1110 24.5s · https://www.genspark.ai/api/files/s/gqavfwhu
[21:51:32] SRT_1110 생성·다운로드 완료
C:\cursor\videt\무협극장\검신귀환록\1부\10장\png\SRT_1110.png
[21:51:32] run_scene 시작 SRT_1125 · seen_files=75 · last_saved=https://www.genspark.ai/api/files/s/gqavfwhu
[21:51:32] ⏱ 준비 SRT_1125 0.0s · chars=368
[21:51:33] ⏱ 다음명령유휴 SRT_1125 1.3s · idle=True
[21:51:34] fill OK follow=True chars=368 url=https://www.genspark.ai/agents?id=8ebed4c4-bb9d-4924-9d58-debb36797f85
[21:51:34] submit 시작 composer=368 url=https://www.genspark.ai/agents?id=8ebed4c4-bb9d-4924-9d58-debb36797f85
[21:51:34] submit geo=corner-live x=546 y=812
[21:51:34] submit 시도 method=geo geo=True
[21:51:35] submit 미확인 method=geo generating=False composer=368
[21:51:36] submit geo=corner-live x=546 y=812
[21:51:36] submit 시도 method=send send=True
[21:51:36] submit 미확인 method=send generating=False composer=368
[21:51:36] submit 시도 method=ctrl
[21:51:37] submit 미확인 method=ctrl generating=False composer=368
[21:51:37] submit 시도 method=enter
[21:51:37] submit 확인 method=enter generating=False composer=0
[21:51:37] ⏱ 입력·전송 SRT_1125 4.0s · chars=368
[21:51:37] 제출 후 last_saved=https://www.genspark.ai/api/files/s/gqavfwhu
[21:51:38] ⏱ 생성대기 시작 SRT_1125 max=120s
[21:51:51] ⏱ 생성대기 완료(busy무시) 13.5s SRT_1125 https://www.genspark.ai/api/files/s/nxabahry
[21:51:51] ⏱ 생성대기구간 SRT_1125 13.5s · ok=True
[21:51:51] SRT_1125 근접 이미지 https://www.genspark.ai/api/files/s/nxabahry
[21:51:51] 다운로드 files URL=https://www.genspark.ai/api/files/s/nxabahry → SRT_1125.png
[21:51:52] ⏱ 다운로드 직접실패 0.4s · 페이지 fetch 재시도: HTTP Error 403: Forbidden
[21:51:52] ⏱ 다운로드 fetch 0.1s size=745785 SRT_1125.png
[21:51:52] ⏱ 다운로드구간 SRT_1125 0.5s · SRT_1125.png
[21:51:57] ⏱ 다운로드후유휴 SRT_1125 5.0s · idle=True
[21:51:57] ⏱ 씬합계 SRT_1125 24.6s · https://www.genspark.ai/api/files/s/nxabahry
[21:51:57] SRT_1125 생성·다운로드 완료
C:\cursor\videt\무협극장\검신귀환록\1부\10장\png\SRT_1125.png
[21:51:57] run_scene 시작 SRT_1140 · seen_files=76 · last_saved=https://www.genspark.ai/api/files/s/nxabahry
[21:51:57] ⏱ 준비 SRT_1140 0.0s · chars=345
[21:51:58] ⏱ 다음명령유휴 SRT_1140 1.3s · idle=True
[21:51:59] fill OK follow=True chars=345 url=https://www.genspark.ai/agents?id=8ebed4c4-bb9d-4924-9d58-debb36797f85
[21:51:59] submit 시작 composer=345 url=https://www.genspark.ai/agents?id=8ebed4c4-bb9d-4924-9d58-debb36797f85
[21:51:59] submit geo=corner-live x=546 y=812
[21:51:59] submit 시도 method=geo geo=True
[21:52:00] submit 미확인 method=geo generating=False composer=345
[21:52:00] submit geo=corner-live x=546 y=812
[21:52:00] submit 시도 method=send send=True
[21:52:01] submit 미확인 method=send generating=False composer=345
[21:52:01] submit 시도 method=ctrl
[21:52:02] submit 미확인 method=ctrl generating=False composer=345
[21:52:02] submit 시도 method=enter
[21:52:02] submit 확인 method=enter generating=False composer=0
[21:52:02] ⏱ 입력·전송 SRT_1140 4.0s · chars=345
[21:52:02] 제출 후 last_saved=https://www.genspark.ai/api/files/s/nxabahry
[21:52:02] ⏱ 생성대기 시작 SRT_1140 max=120s
[21:52:15] ⏱ 생성대기 완료 12.7s SRT_1140 https://www.genspark.ai/api/files/s/sjoi7nud
[21:52:15] ⏱ 생성대기구간 SRT_1140 12.7s · ok=True
[21:52:15] SRT_1140 근접 이미지 https://www.genspark.ai/api/files/s/sjoi7nud
[21:52:15] 다운로드 files URL=https://www.genspark.ai/api/files/s/sjoi7nud → SRT_1140.png
[21:52:15] ⏱ 다운로드 직접실패 0.2s · 페이지 fetch 재시도: HTTP Error 403: Forbidden
[21:52:15] ⏱ 다운로드 fetch 0.1s size=637685 SRT_1140.png
[21:52:15] ⏱ 다운로드구간 SRT_1140 0.3s · SRT_1140.png
[21:52:18] ⏱ 다운로드후유휴 SRT_1140 2.9s · idle=True
[21:52:18] ⏱ 씬합계 SRT_1140 21.4s · https://www.genspark.ai/api/files/s/sjoi7nud
[21:52:18] SRT_1140 생성·다운로드 완료
C:\cursor\videt\무협극장\검신귀환록\1부\10장\png\SRT_1140.png
[21:52:18] run_scene 시작 SRT_1155 · seen_files=77 · last_saved=https://www.genspark.ai/api/files/s/sjoi7nud
[21:52:18] ⏱ 준비 SRT_1155 0.0s · chars=342
[21:52:20] ⏱ 다음명령유휴 SRT_1155 1.3s · idle=True
[21:52:20] fill OK follow=True chars=342 url=https://www.genspark.ai/agents?id=8ebed4c4-bb9d-4924-9d58-debb36797f85
[21:52:20] submit 시작 composer=342 url=https://www.genspark.ai/agents?id=8ebed4c4-bb9d-4924-9d58-debb36797f85
[21:52:21] submit geo=corner-live x=546 y=812
[21:52:21] submit 시도 method=geo geo=True
[21:52:21] submit 미확인 method=geo generating=False composer=342
[21:52:22] submit geo=corner-live x=546 y=812
[21:52:22] submit 시도 method=send send=True
[21:52:23] submit 미확인 method=send generating=False composer=342
[21:52:23] submit 시도 method=ctrl
[21:52:23] submit 미확인 method=ctrl generating=False composer=342
[21:52:23] submit 시도 method=enter
[21:52:24] submit 확인 method=enter generating=False composer=0
[21:52:24] ⏱ 입력·전송 SRT_1155 4.0s · chars=342
[21:52:24] 제출 후 last_saved=https://www.genspark.ai/api/files/s/sjoi7nud
[21:52:24] ⏱ 생성대기 시작 SRT_1155 max=120s
[21:52:37] ⏱ 생성대기 완료(busy무시) 12.7s SRT_1155 https://www.genspark.ai/api/files/s/fuvadlam
[21:52:37] ⏱ 생성대기구간 SRT_1155 12.7s · ok=True
[21:52:37] SRT_1155 근접 이미지 https://www.genspark.ai/api/files/s/fuvadlam
[21:52:37] 다운로드 files URL=https://www.genspark.ai/api/files/s/fuvadlam → SRT_1155.png
[21:52:37] ⏱ 다운로드 직접실패 0.3s · 페이지 fetch 재시도: HTTP Error 403: Forbidden
[21:52:37] ⏱ 다운로드 fetch 0.1s size=668821 SRT_1155.png
[21:52:37] ⏱ 다운로드구간 SRT_1155 0.4s · SRT_1155.png
[21:52:39] ⏱ 다운로드후유휴 SRT_1155 1.9s · idle=True
[21:52:39] ⏱ 씬합계 SRT_1155 20.6s · https://www.genspark.ai/api/files/s/fuvadlam
[21:52:39] SRT_1155 생성·다운로드 완료
C:\cursor\videt\무협극장\검신귀환록\1부\10장\png\SRT_1155.png
[21:52:39] run_scene 시작 SRT_1170 · seen_files=78 · last_saved=https://www.genspark.ai/api/files/s/fuvadlam
[21:52:39] ⏱ 준비 SRT_1170 0.0s · chars=338
[21:52:41] ⏱ 다음명령유휴 SRT_1170 1.3s · idle=True
[21:52:41] fill OK follow=True chars=338 url=https://www.genspark.ai/agents?id=8ebed4c4-bb9d-4924-9d58-debb36797f85
[21:52:41] submit 시작 composer=338 url=https://www.genspark.ai/agents?id=8ebed4c4-bb9d-4924-9d58-debb36797f85
[21:52:42] submit geo=corner-live x=546 y=812
[21:52:42] submit 시도 method=geo geo=True
[21:52:42] submit 미확인 method=geo generating=False composer=338
[21:52:43] submit geo=corner-live x=546 y=812
[21:52:43] submit 시도 method=send send=True
[21:52:43] submit 미확인 method=send generating=False composer=338
[21:52:43] submit 시도 method=ctrl
[21:52:44] submit 미확인 method=ctrl generating=False composer=338
[21:52:44] submit 시도 method=enter
[21:52:45] submit 확인 method=enter generating=False composer=0
[21:52:45] ⏱ 입력·전송 SRT_1170 4.0s · chars=338
[21:52:45] 제출 후 last_saved=https://www.genspark.ai/api/files/s/fuvadlam
[21:52:45] ⏱ 생성대기 시작 SRT_1170 max=120s
[21:52:58] ⏱ 생성대기 완료 13.3s SRT_1170 https://www.genspark.ai/api/files/s/lxlolwxz
[21:52:58] ⏱ 생성대기구간 SRT_1170 13.3s · ok=True
[21:52:58] 폴백: 미수신 api/files https://www.genspark.ai/api/files/s/lxlolwxz
[21:52:58] 다운로드 files URL=https://www.genspark.ai/api/files/s/lxlolwxz → SRT_1170.png
[21:52:58] ⏱ 다운로드 직접실패 0.2s · 페이지 fetch 재시도: HTTP Error 403: Forbidden
[21:52:58] ⏱ 다운로드 fetch 0.1s size=644969 SRT_1170.png
[21:52:58] ⏱ 다운로드구간 SRT_1170 0.3s · SRT_1170.png
[21:53:01] ⏱ 다운로드후유휴 SRT_1170 2.4s · idle=True
[21:53:01] ⏱ 씬합계 SRT_1170 21.7s · https://www.genspark.ai/api/files/s/lxlolwxz
[21:53:01] SRT_1170 생성·다운로드 완료
C:\cursor\videt\무협극장\검신귀환록\1부\10장\png\SRT_1170.png
[21:53:01] run_scene 시작 SRT_1185 · seen_files=79 · last_saved=https://www.genspark.ai/api/files/s/lxlolwxz
[21:53:01] ⏱ 준비 SRT_1185 0.0s · chars=336
[21:53:02] ⏱ 다음명령유휴 SRT_1185 1.3s · idle=True
[21:53:03] fill OK follow=True chars=336 url=https://www.genspark.ai/agents?id=8ebed4c4-bb9d-4924-9d58-debb36797f85
[21:53:03] submit 시작 composer=336 url=https://www.genspark.ai/agents?id=8ebed4c4-bb9d-4924-9d58-debb36797f85
[21:53:03] submit geo=corner-live x=546 y=812
[21:53:03] submit 시도 method=geo geo=True
[21:53:04] submit 미확인 method=geo generating=False composer=336
[21:53:04] submit geo=corner-live x=546 y=812
[21:53:04] submit 시도 method=send send=True
[21:53:05] submit 미확인 method=send generating=False composer=336
[21:53:05] submit 시도 method=ctrl
[21:53:06] submit 미확인 method=ctrl generating=False composer=336
[21:53:06] submit 시도 method=enter
[21:53:06] submit 확인 method=enter generating=False composer=0
[21:53:06] ⏱ 입력·전송 SRT_1185 4.0s · chars=336
[21:53:06] 제출 후 last_saved=https://www.genspark.ai/api/files/s/lxlolwxz
[21:53:06] ⏱ 생성대기 시작 SRT_1185 max=120s
[21:53:20] ⏱ 생성대기 완료(busy무시) 13.2s SRT_1185 https://www.genspark.ai/api/files/s/visfjweo
[21:53:20] ⏱ 생성대기구간 SRT_1185 13.2s · ok=True
[21:53:20] SRT_1185 근접 이미지 https://www.genspark.ai/api/files/s/visfjweo
[21:53:20] 다운로드 files URL=https://www.genspark.ai/api/files/s/visfjweo → SRT_1185.png
[21:53:20] ⏱ 다운로드 직접실패 0.2s · 페이지 fetch 재시도: HTTP Error 403: Forbidden
[21:53:20] ⏱ 다운로드 fetch 0.1s size=659468 SRT_1185.png
[21:53:20] ⏱ 다운로드구간 SRT_1185 0.3s · SRT_1185.png
[21:53:23] ⏱ 다운로드후유휴 SRT_1185 2.9s · idle=True
[21:53:23] ⏱ 씬합계 SRT_1185 21.9s · https://www.genspark.ai/api/files/s/visfjweo
[21:53:23] SRT_1185 생성·다운로드 완료
C:\cursor\videt\무협극장\검신귀환록\1부\10장\png\SRT_1185.png
[21:53:23] run_scene 시작 SRT_1200 · seen_files=80 · last_saved=https://www.genspark.ai/api/files/s/visfjweo
[21:53:23] ⏱ 준비 SRT_1200 0.0s · chars=338
[21:53:24] ⏱ 다음명령유휴 SRT_1200 1.3s · idle=True
[21:53:25] fill OK follow=True chars=338 url=https://www.genspark.ai/agents?id=8ebed4c4-bb9d-4924-9d58-debb36797f85
[21:53:25] submit 시작 composer=338 url=https://www.genspark.ai/agents?id=8ebed4c4-bb9d-4924-9d58-debb36797f85
[21:53:25] submit geo=corner-live x=546 y=812
[21:53:25] submit 시도 method=geo geo=True
[21:53:26] submit 미확인 method=geo generating=False composer=338
[21:53:27] submit geo=corner-live x=546 y=812
[21:53:27] submit 시도 method=send send=True
[21:53:27] submit 미확인 method=send generating=False composer=338
[21:53:27] submit 시도 method=ctrl
[21:53:28] submit 미확인 method=ctrl generating=False composer=338
[21:53:28] submit 시도 method=enter
[21:53:28] submit 확인 method=enter generating=False composer=0
[21:53:28] ⏱ 입력·전송 SRT_1200 4.0s · chars=338
[21:53:28] 제출 후 last_saved=https://www.genspark.ai/api/files/s/visfjweo
[21:53:29] ⏱ 생성대기 시작 SRT_1200 max=120s
[21:53:42] ⏱ 생성대기 완료(busy무시) 13.1s SRT_1200 https://www.genspark.ai/api/files/s/1m1pnmjb
[21:53:42] ⏱ 생성대기구간 SRT_1200 13.1s · ok=True
[21:53:42] 폴백: 미수신 api/files https://www.genspark.ai/api/files/s/1m1pnmjb
[21:53:42] 다운로드 files URL=https://www.genspark.ai/api/files/s/1m1pnmjb → SRT_1200.png
[21:53:42] ⏱ 다운로드 직접실패 0.2s · 페이지 fetch 재시도: HTTP Error 403: Forbidden
[21:53:42] ⏱ 다운로드 fetch 0.1s size=567249 SRT_1200.png
[21:53:42] ⏱ 다운로드구간 SRT_1200 0.3s · SRT_1200.png
[21:53:45] ⏱ 다운로드후유휴 SRT_1200 3.0s · idle=True
[21:53:45] ⏱ 씬합계 SRT_1200 22.0s · https://www.genspark.ai/api/files/s/1m1pnmjb
[21:53:45] SRT_1200 생성·다운로드 완료
C:\cursor\videt\무협극장\검신귀환록\1부\10장\png\SRT_1200.png
[21:53:45] run_scene 시작 SRT_1215 · seen_files=81 · last_saved=https://www.genspark.ai/api/files/s/1m1pnmjb
[21:53:45] ⏱ 준비 SRT_1215 0.0s · chars=311
[21:53:47] ⏱ 다음명령유휴 SRT_1215 1.3s · idle=True
[21:53:47] fill OK follow=True chars=311 url=https://www.genspark.ai/agents?id=8ebed4c4-bb9d-4924-9d58-debb36797f85
[21:53:47] submit 시작 composer=311 url=https://www.genspark.ai/agents?id=8ebed4c4-bb9d-4924-9d58-debb36797f85
[21:53:48] submit geo=corner-live x=546 y=812
[21:53:48] submit 시도 method=geo geo=True
[21:53:48] submit 미확인 method=geo generating=False composer=311
[21:53:49] submit geo=corner-live x=546 y=812
[21:53:49] submit 시도 method=send send=True
[21:53:49] submit 미확인 method=send generating=False composer=311
[21:53:49] submit 시도 method=ctrl
[21:53:50] submit 미확인 method=ctrl generating=False composer=311
[21:53:50] submit 시도 method=enter
[21:53:50] submit 확인 method=enter generating=False composer=0
[21:53:50] ⏱ 입력·전송 SRT_1215 3.9s · chars=311
[21:53:50] 제출 후 last_saved=https://www.genspark.ai/api/files/s/1m1pnmjb
[21:53:51] ⏱ 생성대기 시작 SRT_1215 max=120s
[21:54:06] ⏱ 생성대기 진행 15.3s SRT_1215 busy=True url_ok=True
[21:54:07] ⏱ 생성대기 완료 16.0s SRT_1215 https://www.genspark.ai/api/files/s/qva9bvxp
[21:54:07] ⏱ 생성대기구간 SRT_1215 16.0s · ok=True
[21:54:07] SRT_1215 근접 이미지 https://www.genspark.ai/api/files/s/qva9bvxp
[21:54:07] 다운로드 files URL=https://www.genspark.ai/api/files/s/qva9bvxp → SRT_1215.png
[21:54:07] ⏱ 다운로드 직접실패 0.2s · 페이지 fetch 재시도: HTTP Error 403: Forbidden
[21:54:07] ⏱ 다운로드 fetch 0.1s size=645206 SRT_1215.png
[21:54:07] ⏱ 다운로드구간 SRT_1215 0.3s · SRT_1215.png
[21:54:08] ⏱ 다운로드후유휴 SRT_1215 1.3s · idle=True
[21:54:08] ⏱ 씬합계 SRT_1215 23.2s · https://www.genspark.ai/api/files/s/qva9bvxp
[21:54:08] SRT_1215 생성·다운로드 완료
C:\cursor\videt\무협극장\검신귀환록\1부\10장\png\SRT_1215.png
[21:54:09] run_scene 시작 SRT_1230 · seen_files=82 · last_saved=https://www.genspark.ai/api/files/s/qva9bvxp
[21:54:09] ⏱ 준비 SRT_1230 0.0s · chars=316
[21:54:10] ⏱ 다음명령유휴 SRT_1230 1.3s · idle=True
[21:54:10] fill OK follow=True chars=316 url=https://www.genspark.ai/agents?id=8ebed4c4-bb9d-4924-9d58-debb36797f85
[21:54:10] submit 시작 composer=316 url=https://www.genspark.ai/agents?id=8ebed4c4-bb9d-4924-9d58-debb36797f85
[21:54:11] submit geo=corner-live x=546 y=812
[21:54:11] submit 시도 method=geo geo=True
[21:54:11] submit 미확인 method=geo generating=False composer=316
[21:54:12] submit geo=corner-live x=546 y=812
[21:54:12] submit 시도 method=send send=True
[21:54:13] submit 미확인 method=send generating=False composer=316
[21:54:13] submit 시도 method=ctrl
[21:54:13] submit 미확인 method=ctrl generating=False composer=316
[21:54:13] submit 시도 method=enter
[21:54:14] submit 확인 method=enter generating=False composer=0
[21:54:14] ⏱ 입력·전송 SRT_1230 4.0s · chars=316
[21:54:14] 제출 후 last_saved=https://www.genspark.ai/api/files/s/qva9bvxp
[21:54:14] ⏱ 생성대기 시작 SRT_1230 max=120s
[21:54:29] ⏱ 생성대기 진행 15.0s SRT_1230 busy=True url_ok=True
[21:54:29] ⏱ 생성대기 완료(busy무시) 15.0s SRT_1230 https://www.genspark.ai/api/files/s/raeyg9k1
[21:54:29] ⏱ 생성대기구간 SRT_1230 15.0s · ok=True
[21:54:29] SRT_1230 근접 이미지 https://www.genspark.ai/api/files/s/raeyg9k1
[21:54:29] 다운로드 files URL=https://www.genspark.ai/api/files/s/raeyg9k1 → SRT_1230.png
[21:54:29] ⏱ 다운로드 직접실패 0.3s · 페이지 fetch 재시도: HTTP Error 403: Forbidden
[21:54:29] ⏱ 다운로드 fetch 0.1s size=626173 SRT_1230.png
[21:54:29] ⏱ 다운로드구간 SRT_1230 0.4s · SRT_1230.png
[21:54:31] ⏱ 다운로드후유휴 SRT_1230 1.9s · idle=True
[21:54:31] ⏱ 씬합계 SRT_1230 22.7s · https://www.genspark.ai/api/files/s/raeyg9k1
[21:54:31] SRT_1230 생성·다운로드 완료
C:\cursor\videt\무협극장\검신귀환록\1부\10장\png\SRT_1230.png
[21:54:31] run_scene 시작 SRT_1245 · seen_files=83 · last_saved=https://www.genspark.ai/api/files/s/raeyg9k1
[21:54:31] ⏱ 준비 SRT_1245 0.0s · chars=338
[21:54:33] ⏱ 다음명령유휴 SRT_1245 1.3s · idle=True
[21:54:33] fill OK follow=True chars=338 url=https://www.genspark.ai/agents?id=8ebed4c4-bb9d-4924-9d58-debb36797f85
[21:54:33] submit 시작 composer=338 url=https://www.genspark.ai/agents?id=8ebed4c4-bb9d-4924-9d58-debb36797f85
[21:54:34] submit geo=corner-live x=546 y=812
[21:54:34] submit 시도 method=geo geo=True
[21:54:34] submit 미확인 method=geo generating=False composer=338
[21:54:35] submit geo=corner-live x=546 y=812
[21:54:35] submit 시도 method=send send=True
[21:54:36] submit 미확인 method=send generating=False composer=338
[21:54:36] submit 시도 method=ctrl
[21:54:36] submit 미확인 method=ctrl generating=False composer=338
[21:54:36] submit 시도 method=enter
[21:54:37] submit 확인 method=enter generating=False composer=0
[21:54:37] ⏱ 입력·전송 SRT_1245 4.0s · chars=338
[21:54:37] 제출 후 last_saved=https://www.genspark.ai/api/files/s/raeyg9k1
[21:54:37] ⏱ 생성대기 시작 SRT_1245 max=120s
[21:54:50] ⏱ 생성대기 완료 12.6s SRT_1245 https://www.genspark.ai/api/files/s/oyfibrid
[21:54:50] ⏱ 생성대기구간 SRT_1245 12.6s · ok=True
[21:54:50] 폴백: 미수신 api/files https://www.genspark.ai/api/files/s/oyfibrid
[21:54:50] 다운로드 files URL=https://www.genspark.ai/api/files/s/oyfibrid → SRT_1245.png
[21:54:50] ⏱ 다운로드 직접실패 0.3s · 페이지 fetch 재시도: HTTP Error 403: Forbidden
[21:54:50] ⏱ 다운로드 fetch 0.1s size=660666 SRT_1245.png
[21:54:50] ⏱ 다운로드구간 SRT_1245 0.4s · SRT_1245.png
[21:54:54] ⏱ 다운로드후유휴 SRT_1245 4.5s · idle=True
[21:54:54] ⏱ 씬합계 SRT_1245 23.0s · https://www.genspark.ai/api/files/s/oyfibrid
[21:54:54] SRT_1245 생성·다운로드 완료
C:\cursor\videt\무협극장\검신귀환록\1부\10장\png\SRT_1245.png
[21:54:55] run_scene 시작 SRT_1260 · seen_files=84 · last_saved=https://www.genspark.ai/api/files/s/oyfibrid
[21:54:55] ⏱ 준비 SRT_1260 0.0s · chars=313
[21:54:56] ⏱ 다음명령유휴 SRT_1260 1.4s · idle=True
[21:54:57] fill OK follow=True chars=313 url=https://www.genspark.ai/agents?id=8ebed4c4-bb9d-4924-9d58-debb36797f85
[21:54:57] submit 시작 composer=313 url=https://www.genspark.ai/agents?id=8ebed4c4-bb9d-4924-9d58-debb36797f85
[21:54:57] submit geo=corner-live x=546 y=812
[21:54:57] submit 시도 method=geo geo=True
[21:54:58] submit 미확인 method=geo generating=False composer=313
[21:54:58] submit geo=corner-live x=546 y=812
[21:54:58] submit 시도 method=send send=True
[21:54:59] submit 미확인 method=send generating=False composer=313
[21:54:59] submit 시도 method=ctrl
[21:55:00] submit 미확인 method=ctrl generating=False composer=313
[21:55:00] submit 시도 method=enter
[21:55:00] submit 확인 method=enter generating=False composer=0
[21:55:00] ⏱ 입력·전송 SRT_1260 4.1s · chars=313
[21:55:00] 제출 후 last_saved=https://www.genspark.ai/api/files/s/oyfibrid
[21:55:00] ⏱ 생성대기 시작 SRT_1260 max=120s
[21:55:14] ⏱ 생성대기 완료 13.8s SRT_1260 https://www.genspark.ai/api/files/s/n3cigvu0
[21:55:14] ⏱ 생성대기구간 SRT_1260 13.8s · ok=True
[21:55:14] SRT_1260 근접 이미지 https://www.genspark.ai/api/files/s/n3cigvu0
[21:55:14] 다운로드 files URL=https://www.genspark.ai/api/files/s/n3cigvu0 → SRT_1260.png
[21:55:14] ⏱ 다운로드 직접실패 0.2s · 페이지 fetch 재시도: HTTP Error 403: Forbidden
[21:55:15] ⏱ 다운로드 fetch 0.1s size=622558 SRT_1260.png
[21:55:15] ⏱ 다운로드구간 SRT_1260 0.3s · SRT_1260.png
[21:55:18] ⏱ 다운로드후유휴 SRT_1260 3.6s · idle=True
[21:55:18] ⏱ 씬합계 SRT_1260 23.5s · https://www.genspark.ai/api/files/s/n3cigvu0
[21:55:18] SRT_1260 생성·다운로드 완료
C:\cursor\videt\무협극장\검신귀환록\1부\10장\png\SRT_1260.png
[21:55:18] run_scene 시작 SRT_1275 · seen_files=85 · last_saved=https://www.genspark.ai/api/files/s/n3cigvu0
[21:55:18] ⏱ 준비 SRT_1275 0.0s · chars=343
[21:55:20] ⏱ 다음명령유휴 SRT_1275 1.6s · idle=True
[21:55:20] fill OK follow=True chars=343 url=https://www.genspark.ai/agents?id=8ebed4c4-bb9d-4924-9d58-debb36797f85
[21:55:20] submit 시작 composer=343 url=https://www.genspark.ai/agents?id=8ebed4c4-bb9d-4924-9d58-debb36797f85
[21:55:21] submit geo=corner-live x=546 y=812
[21:55:21] submit 시도 method=geo geo=True
[21:55:22] submit 미확인 method=geo generating=False composer=343
[21:55:22] submit geo=corner-live x=546 y=812
[21:55:22] submit 시도 method=send send=True
[21:55:23] submit 미확인 method=send generating=False composer=343
[21:55:23] submit 시도 method=ctrl
[21:55:23] submit 미확인 method=ctrl generating=False composer=343
[21:55:23] submit 시도 method=enter
[21:55:24] submit 확인 method=enter generating=False composer=0
[21:55:24] ⏱ 입력·전송 SRT_1275 4.2s · chars=343
[21:55:24] 제출 후 last_saved=https://www.genspark.ai/api/files/s/n3cigvu0
[21:55:24] ⏱ 생성대기 시작 SRT_1275 max=120s
[21:55:39] ⏱ 생성대기 완료 14.7s SRT_1275 https://www.genspark.ai/api/files/s/h4qvyxx6
[21:55:39] ⏱ 생성대기구간 SRT_1275 14.7s · ok=True
[21:55:39] SRT_1275 근접 이미지 https://www.genspark.ai/api/files/s/h4qvyxx6
[21:55:39] 다운로드 files URL=https://www.genspark.ai/api/files/s/h4qvyxx6 → SRT_1275.png
[21:55:40] ⏱ 다운로드 직접실패 0.4s · 페이지 fetch 재시도: HTTP Error 403: Forbidden
[21:55:40] ⏱ 다운로드 fetch 0.1s size=689654 SRT_1275.png
[21:55:40] ⏱ 다운로드구간 SRT_1275 0.5s · SRT_1275.png
[21:55:42] ⏱ 다운로드후유휴 SRT_1275 2.4s · idle=True
[21:55:42] ⏱ 씬합계 SRT_1275 23.8s · https://www.genspark.ai/api/files/s/h4qvyxx6
[21:55:42] SRT_1275 생성·다운로드 완료
C:\cursor\videt\무협극장\검신귀환록\1부\10장\png\SRT_1275.png
[21:55:42] run_scene 시작 SRT_1290 · seen_files=86 · last_saved=https://www.genspark.ai/api/files/s/h4qvyxx6
[21:55:42] ⏱ 준비 SRT_1290 0.0s · chars=320
[21:55:44] ⏱ 다음명령유휴 SRT_1290 1.4s · idle=True
[21:55:44] fill OK follow=True chars=320 url=https://www.genspark.ai/agents?id=8ebed4c4-bb9d-4924-9d58-debb36797f85
[21:55:44] submit 시작 composer=320 url=https://www.genspark.ai/agents?id=8ebed4c4-bb9d-4924-9d58-debb36797f85
[21:55:45] submit geo=corner-live x=546 y=812
[21:55:45] submit 시도 method=geo geo=True
[21:55:45] submit 미확인 method=geo generating=False composer=320
[21:55:46] submit geo=corner-live x=546 y=812
[21:55:46] submit 시도 method=send send=True
[21:55:47] submit 미확인 method=send generating=False composer=320
[21:55:47] submit 시도 method=ctrl
[21:55:47] submit 미확인 method=ctrl generating=False composer=320
[21:55:47] submit 시도 method=enter
[21:55:48] submit 확인 method=enter generating=False composer=0
[21:55:48] ⏱ 입력·전송 SRT_1290 4.2s · chars=320
[21:55:48] 제출 후 last_saved=https://www.genspark.ai/api/files/s/h4qvyxx6
[21:55:48] ⏱ 생성대기 시작 SRT_1290 max=120s
[21:56:02] ⏱ 생성대기 완료 13.8s SRT_1290 https://www.genspark.ai/api/files/s/lt9udw8p
[21:56:02] ⏱ 생성대기구간 SRT_1290 13.8s · ok=True
[21:56:02] SRT_1290 근접 이미지 https://www.genspark.ai/api/files/s/lt9udw8p
[21:56:02] 다운로드 files URL=https://www.genspark.ai/api/files/s/lt9udw8p → SRT_1290.png
[21:56:02] ⏱ 다운로드 직접실패 0.2s · 페이지 fetch 재시도: HTTP Error 403: Forbidden
[21:56:02] ⏱ 다운로드 fetch 0.1s size=654241 SRT_1290.png
[21:56:02] ⏱ 다운로드구간 SRT_1290 0.3s · SRT_1290.png
[21:56:06] ⏱ 다운로드후유휴 SRT_1290 4.0s · idle=True
[21:56:06] ⏱ 씬합계 SRT_1290 23.9s · https://www.genspark.ai/api/files/s/lt9udw8p
[21:56:06] SRT_1290 생성·다운로드 완료
C:\cursor\videt\무협극장\검신귀환록\1부\10장\png\SRT_1290.png
[21:56:06] run_scene 시작 SRT_1305 · seen_files=87 · last_saved=https://www.genspark.ai/api/files/s/lt9udw8p
[21:56:06] ⏱ 준비 SRT_1305 0.0s · chars=370
[21:56:08] ⏱ 다음명령유휴 SRT_1305 1.4s · idle=True
[21:56:08] fill OK follow=True chars=370 url=https://www.genspark.ai/agents?id=8ebed4c4-bb9d-4924-9d58-debb36797f85
[21:56:08] submit 시작 composer=370 url=https://www.genspark.ai/agents?id=8ebed4c4-bb9d-4924-9d58-debb36797f85
[21:56:09] submit geo=corner-live x=546 y=812
[21:56:09] submit 시도 method=geo geo=True
[21:56:09] submit 미확인 method=geo generating=False composer=370
[21:56:10] submit geo=corner-live x=546 y=812
[21:56:10] submit 시도 method=send send=True
[21:56:10] submit 미확인 method=send generating=False composer=370
[21:56:11] submit 시도 method=ctrl
[21:56:11] submit 미확인 method=ctrl generating=False composer=370
[21:56:11] submit 시도 method=enter
[21:56:12] submit 확인 method=enter generating=False composer=0
[21:56:12] ⏱ 입력·전송 SRT_1305 4.1s · chars=370
[21:56:12] 제출 후 last_saved=https://www.genspark.ai/api/files/s/lt9udw8p
[21:56:12] ⏱ 생성대기 시작 SRT_1305 max=120s
[21:56:24] ⏱ 생성대기 완료 12.3s SRT_1305 https://www.genspark.ai/api/files/s/ujzi6yng
[21:56:24] ⏱ 생성대기구간 SRT_1305 12.3s · ok=True
[21:56:24] 폴백: 미수신 api/files https://www.genspark.ai/api/files/s/ujzi6yng
[21:56:24] 다운로드 files URL=https://www.genspark.ai/api/files/s/ujzi6yng → SRT_1305.png
[21:56:25] ⏱ 다운로드 직접실패 0.2s · 페이지 fetch 재시도: HTTP Error 403: Forbidden
[21:56:25] ⏱ 다운로드 fetch 0.1s size=654624 SRT_1305.png
[21:56:25] ⏱ 다운로드구간 SRT_1305 0.3s · SRT_1305.png
[21:56:30] ⏱ 다운로드후유휴 SRT_1305 5.5s · idle=True
[21:56:30] ⏱ 씬합계 SRT_1305 23.8s · https://www.genspark.ai/api/files/s/ujzi6yng
[21:56:30] SRT_1305 생성·다운로드 완료
C:\cursor\videt\무협극장\검신귀환록\1부\10장\png\SRT_1305.png
[21:56:30] run_scene 시작 SRT_1320 · seen_files=88 · last_saved=https://www.genspark.ai/api/files/s/ujzi6yng
[21:56:30] ⏱ 준비 SRT_1320 0.0s · chars=313
[21:56:32] ⏱ 다음명령유휴 SRT_1320 1.4s · idle=True
[21:56:32] fill OK follow=True chars=313 url=https://www.genspark.ai/agents?id=8ebed4c4-bb9d-4924-9d58-debb36797f85
[21:56:32] submit 시작 composer=313 url=https://www.genspark.ai/agents?id=8ebed4c4-bb9d-4924-9d58-debb36797f85
[21:56:33] submit geo=corner-live x=546 y=812
[21:56:33] submit 시도 method=geo geo=True
[21:56:33] submit 미확인 method=geo generating=False composer=313
[21:56:34] submit geo=corner-live x=546 y=812
[21:56:34] submit 시도 method=send send=True
[21:56:35] submit 미확인 method=send generating=False composer=313
[21:56:35] submit 시도 method=ctrl
[21:56:35] submit 미확인 method=ctrl generating=False composer=313
[21:56:35] submit 시도 method=enter
[21:56:36] submit 확인 method=enter generating=False composer=0
[21:56:36] ⏱ 입력·전송 SRT_1320 4.2s · chars=313
[21:56:36] 제출 후 last_saved=https://www.genspark.ai/api/files/s/ujzi6yng
[21:56:36] ⏱ 생성대기 시작 SRT_1320 max=120s
[21:56:50] ⏱ 생성대기 완료 14.2s SRT_1320 https://www.genspark.ai/api/files/s/nlszanii
[21:56:50] ⏱ 생성대기구간 SRT_1320 14.2s · ok=True
[21:56:50] SRT_1320 근접 이미지 https://www.genspark.ai/api/files/s/nlszanii
[21:56:50] 다운로드 files URL=https://www.genspark.ai/api/files/s/nlszanii → SRT_1320.png
[21:56:51] ⏱ 다운로드 직접실패 0.3s · 페이지 fetch 재시도: HTTP Error 403: Forbidden
[21:56:51] ⏱ 다운로드 fetch 0.1s size=727646 SRT_1320.png
[21:56:51] ⏱ 다운로드구간 SRT_1320 0.3s · SRT_1320.png
[21:56:54] ⏱ 다운로드후유휴 SRT_1320 3.6s · idle=True
[21:56:54] ⏱ 씬합계 SRT_1320 23.9s · https://www.genspark.ai/api/files/s/nlszanii
[21:56:54] SRT_1320 생성·다운로드 완료
C:\cursor\videt\무협극장\검신귀환록\1부\10장\png\SRT_1320.png
[21:56:54] run_scene 시작 SRT_1335 · seen_files=89 · last_saved=https://www.genspark.ai/api/files/s/nlszanii
[21:56:54] ⏱ 준비 SRT_1335 0.0s · chars=315
[21:56:56] ⏱ 다음명령유휴 SRT_1335 1.3s · idle=True
[21:56:56] fill OK follow=True chars=315 url=https://www.genspark.ai/agents?id=8ebed4c4-bb9d-4924-9d58-debb36797f85
[21:56:56] submit 시작 composer=315 url=https://www.genspark.ai/agents?id=8ebed4c4-bb9d-4924-9d58-debb36797f85
[21:56:57] submit geo=corner-live x=546 y=812
[21:56:57] submit 시도 method=geo geo=True
[21:56:57] submit 미확인 method=geo generating=False composer=315
[21:56:58] submit geo=corner-live x=546 y=812
[21:56:58] submit 시도 method=send send=True
[21:56:59] submit 미확인 method=send generating=False composer=315
[21:56:59] submit 시도 method=ctrl
[21:56:59] submit 미확인 method=ctrl generating=False composer=315
[21:56:59] submit 시도 method=enter
[21:57:00] submit 확인 method=enter generating=False composer=0
[21:57:00] ⏱ 입력·전송 SRT_1335 4.1s · chars=315
[21:57:00] 제출 후 last_saved=https://www.genspark.ai/api/files/s/nlszanii
[21:57:00] ⏱ 생성대기 시작 SRT_1335 max=120s
[21:57:13] ⏱ 생성대기 완료 13.3s SRT_1335 https://www.genspark.ai/api/files/s/bhmhxfad
[21:57:13] ⏱ 생성대기구간 SRT_1335 13.3s · ok=True
[21:57:13] SRT_1335 근접 이미지 https://www.genspark.ai/api/files/s/bhmhxfad
[21:57:13] 다운로드 files URL=https://www.genspark.ai/api/files/s/bhmhxfad → SRT_1335.png
[21:57:14] ⏱ 다운로드 직접실패 0.3s · 페이지 fetch 재시도: HTTP Error 403: Forbidden
[21:57:14] ⏱ 다운로드 fetch 0.1s size=667342 SRT_1335.png
[21:57:14] ⏱ 다운로드구간 SRT_1335 0.4s · SRT_1335.png
[21:57:15] ⏱ 다운로드후유휴 SRT_1335 1.5s · idle=True
[21:57:15] ⏱ 씬합계 SRT_1335 20.8s · https://www.genspark.ai/api/files/s/bhmhxfad
[21:57:15] SRT_1335 생성·다운로드 완료
C:\cursor\videt\무협극장\검신귀환록\1부\10장\png\SRT_1335.png
[21:57:15] run_scene 시작 SRT_1350 · seen_files=90 · last_saved=https://www.genspark.ai/api/files/s/bhmhxfad
[21:57:15] ⏱ 준비 SRT_1350 0.0s · chars=337
[21:57:18] ⏱ 다음명령유휴 SRT_1350 2.9s · idle=True
[21:57:19] fill OK follow=True chars=337 url=https://www.genspark.ai/agents?id=8ebed4c4-bb9d-4924-9d58-debb36797f85
[21:57:19] submit 시작 composer=337 url=https://www.genspark.ai/agents?id=8ebed4c4-bb9d-4924-9d58-debb36797f85
[21:57:19] submit geo=corner-live x=546 y=812
[21:57:19] submit 시도 method=geo geo=True
[21:57:20] submit 미확인 method=geo generating=False composer=337
[21:57:21] submit geo=corner-live x=546 y=812
[21:57:21] submit 시도 method=send send=True
[21:57:21] submit 미확인 method=send generating=False composer=337
[21:57:21] submit 시도 method=ctrl
[21:57:22] submit 미확인 method=ctrl generating=False composer=337
[21:57:22] submit 시도 method=enter
[21:57:22] submit 확인 method=enter generating=False composer=0
[21:57:22] ⏱ 입력·전송 SRT_1350 4.2s · chars=337
[21:57:22] 제출 후 last_saved=https://www.genspark.ai/api/files/s/bhmhxfad
[21:57:23] ⏱ 생성대기 시작 SRT_1350 max=120s
[21:57:38] ⏱ 생성대기 진행 15.0s SRT_1350 busy=False url_ok=False
[21:57:39] ⏱ 생성대기 완료 16.2s SRT_1350 https://www.genspark.ai/api/files/s/sydxuop6
[21:57:39] ⏱ 생성대기구간 SRT_1350 16.2s · ok=True
[21:57:39] SRT_1350 근접 이미지 https://www.genspark.ai/api/files/s/sydxuop6
[21:57:39] 다운로드 files URL=https://www.genspark.ai/api/files/s/sydxuop6 → SRT_1350.png
[21:57:39] ⏱ 다운로드 직접실패 0.2s · 페이지 fetch 재시도: HTTP Error 403: Forbidden
[21:57:39] ⏱ 다운로드 fetch 0.1s size=731951 SRT_1350.png
[21:57:39] ⏱ 다운로드구간 SRT_1350 0.3s · SRT_1350.png
[21:57:45] ⏱ 다운로드후유휴 SRT_1350 6.1s · idle=True
[21:57:45] ⏱ 씬합계 SRT_1350 30.0s · https://www.genspark.ai/api/files/s/sydxuop6
[21:57:45] SRT_1350 생성·다운로드 완료
C:\cursor\videt\무협극장\검신귀환록\1부\10장\png\SRT_1350.png
[21:57:45] run_scene 시작 SRT_1365 · seen_files=91 · last_saved=https://www.genspark.ai/api/files/s/sydxuop6
[21:57:45] ⏱ 준비 SRT_1365 0.0s · chars=294
[21:57:47] ⏱ 다음명령유휴 SRT_1365 1.3s · idle=True
[21:57:47] fill OK follow=True chars=294 url=https://www.genspark.ai/agents?id=8ebed4c4-bb9d-4924-9d58-debb36797f85
[21:57:47] submit 시작 composer=294 url=https://www.genspark.ai/agents?id=8ebed4c4-bb9d-4924-9d58-debb36797f85
[21:57:48] submit geo=corner-live x=546 y=812
[21:57:48] submit 시도 method=geo geo=True
[21:57:49] submit 미확인 method=geo generating=False composer=294
[21:57:49] submit geo=corner-live x=546 y=812
[21:57:49] submit 시도 method=send send=True
[21:57:50] submit 미확인 method=send generating=False composer=294
[21:57:50] submit 시도 method=ctrl
[21:57:50] submit 미확인 method=ctrl generating=False composer=294
[21:57:50] submit 시도 method=enter
[21:57:51] submit 확인 method=enter generating=False composer=0
[21:57:51] ⏱ 입력·전송 SRT_1365 4.1s · chars=294
[21:57:51] 제출 후 last_saved=https://www.genspark.ai/api/files/s/sydxuop6
[21:57:51] ⏱ 생성대기 시작 SRT_1365 max=120s
[21:58:05] ⏱ 생성대기 완료 13.6s SRT_1365 https://www.genspark.ai/api/files/s/mdg9fsdd
[21:58:05] ⏱ 생성대기구간 SRT_1365 13.6s · ok=True
[21:58:05] SRT_1365 근접 이미지 https://www.genspark.ai/api/files/s/mdg9fsdd
[21:58:05] 다운로드 files URL=https://www.genspark.ai/api/files/s/mdg9fsdd → SRT_1365.png
[21:58:05] ⏱ 다운로드 직접실패 0.3s · 페이지 fetch 재시도: HTTP Error 403: Forbidden
[21:58:05] ⏱ 다운로드 fetch 0.1s size=789748 SRT_1365.png
[21:58:05] ⏱ 다운로드구간 SRT_1365 0.3s · SRT_1365.png
[21:58:12] ⏱ 다운로드후유휴 SRT_1365 7.1s · idle=True
[21:58:12] ⏱ 씬합계 SRT_1365 26.7s · https://www.genspark.ai/api/files/s/mdg9fsdd
[21:58:12] SRT_1365 생성·다운로드 완료
C:\cursor\videt\무협극장\검신귀환록\1부\10장\png\SRT_1365.png
[21:58:12] run_scene 시작 SRT_1380 · seen_files=92 · last_saved=https://www.genspark.ai/api/files/s/mdg9fsdd
[21:58:12] ⏱ 준비 SRT_1380 0.0s · chars=295
[21:58:14] ⏱ 다음명령유휴 SRT_1380 1.3s · idle=True
[21:58:14] fill OK follow=True chars=295 url=https://www.genspark.ai/agents?id=8ebed4c4-bb9d-4924-9d58-debb36797f85
[21:58:14] submit 시작 composer=295 url=https://www.genspark.ai/agents?id=8ebed4c4-bb9d-4924-9d58-debb36797f85
[21:58:15] submit geo=corner-live x=546 y=812
[21:58:15] submit 시도 method=geo geo=True
[21:58:15] submit 미확인 method=geo generating=False composer=295
[21:58:16] submit geo=corner-live x=546 y=812
[21:58:16] submit 시도 method=send send=True
[21:58:16] submit 미확인 method=send generating=False composer=295
[21:58:17] submit 시도 method=ctrl
[21:58:17] submit 미확인 method=ctrl generating=False composer=295
[21:58:17] submit 시도 method=enter
[21:58:18] submit 확인 method=enter generating=False composer=0
[21:58:18] ⏱ 입력·전송 SRT_1380 4.0s · chars=295
[21:58:18] 제출 후 last_saved=https://www.genspark.ai/api/files/s/mdg9fsdd
[21:58:18] ⏱ 생성대기 시작 SRT_1380 max=120s
[21:58:33] ⏱ 생성대기 진행 15.1s SRT_1380 busy=False url_ok=True
[21:58:33] ⏱ 생성대기 완료 15.3s SRT_1380 https://www.genspark.ai/api/files/s/klvbvwqd
[21:58:33] ⏱ 생성대기구간 SRT_1380 15.3s · ok=True
[21:58:33] SRT_1380 근접 이미지 https://www.genspark.ai/api/files/s/klvbvwqd
[21:58:33] 다운로드 files URL=https://www.genspark.ai/api/files/s/klvbvwqd → SRT_1380.png
[21:58:34] ⏱ 다운로드 직접실패 0.2s · 페이지 fetch 재시도: HTTP Error 403: Forbidden
[21:58:34] ⏱ 다운로드 fetch 0.1s size=589094 SRT_1380.png
[21:58:34] ⏱ 다운로드구간 SRT_1380 0.3s · SRT_1380.png
[21:58:37] ⏱ 다운로드후유휴 SRT_1380 3.5s · idle=True
[21:58:37] ⏱ 씬합계 SRT_1380 24.7s · https://www.genspark.ai/api/files/s/klvbvwqd
[21:58:37] SRT_1380 생성·다운로드 완료
C:\cursor\videt\무협극장\검신귀환록\1부\10장\png\SRT_1380.png
[21:58:37] run_scene 시작 SRT_1395 · seen_files=93 · last_saved=https://www.genspark.ai/api/files/s/klvbvwqd
[21:58:37] ⏱ 준비 SRT_1395 0.0s · chars=321
[21:58:39] ⏱ 다음명령유휴 SRT_1395 1.3s · idle=True
[21:58:39] fill OK follow=True chars=321 url=https://www.genspark.ai/agents?id=8ebed4c4-bb9d-4924-9d58-debb36797f85
[21:58:39] submit 시작 composer=321 url=https://www.genspark.ai/agents?id=8ebed4c4-bb9d-4924-9d58-debb36797f85
[21:58:40] submit geo=corner-live x=546 y=812
[21:58:40] submit 시도 method=geo geo=True
[21:58:40] submit 미확인 method=geo generating=False composer=321
[21:58:41] submit geo=corner-live x=546 y=812
[21:58:41] submit 시도 method=send send=True
[21:58:41] submit 미확인 method=send generating=False composer=321
[21:58:41] submit 시도 method=ctrl
[21:58:42] submit 미확인 method=ctrl generating=False composer=321
[21:58:42] submit 시도 method=enter
[21:58:43] submit 확인 method=enter generating=False composer=0
[21:58:43] ⏱ 입력·전송 SRT_1395 4.1s · chars=321
[21:58:43] 제출 후 last_saved=https://www.genspark.ai/api/files/s/klvbvwqd
[21:58:43] ⏱ 생성대기 시작 SRT_1395 max=120s
[21:58:55] ⏱ 생성대기 완료 12.1s SRT_1395 https://www.genspark.ai/api/files/s/gbwatvzu
[21:58:55] ⏱ 생성대기구간 SRT_1395 12.1s · ok=True
[21:58:55] SRT_1395 근접 이미지 https://www.genspark.ai/api/files/s/gbwatvzu
[21:58:55] 다운로드 files URL=https://www.genspark.ai/api/files/s/gbwatvzu → SRT_1395.png
[21:58:55] ⏱ 다운로드 직접실패 0.2s · 페이지 fetch 재시도: HTTP Error 403: Forbidden
[21:58:55] ⏱ 다운로드 fetch 0.1s size=761032 SRT_1395.png
[21:58:55] ⏱ 다운로드구간 SRT_1395 0.3s · SRT_1395.png
[21:59:00] ⏱ 다운로드후유휴 SRT_1395 4.6s · idle=True
[21:59:00] ⏱ 씬합계 SRT_1395 22.7s · https://www.genspark.ai/api/files/s/gbwatvzu
[21:59:00] SRT_1395 생성·다운로드 완료
C:\cursor\videt\무협극장\검신귀환록\1부\10장\png\SRT_1395.png
[21:59:00] run_scene 시작 SRT_1410 · seen_files=94 · last_saved=https://www.genspark.ai/api/files/s/gbwatvzu
[21:59:00] ⏱ 준비 SRT_1410 0.0s · chars=344
[21:59:02] ⏱ 다음명령유휴 SRT_1410 1.4s · idle=True
[21:59:02] fill OK follow=True chars=344 url=https://www.genspark.ai/agents?id=8ebed4c4-bb9d-4924-9d58-debb36797f85
[21:59:02] submit 시작 composer=344 url=https://www.genspark.ai/agents?id=8ebed4c4-bb9d-4924-9d58-debb36797f85
[21:59:03] submit geo=corner-live x=546 y=812
[21:59:03] submit 시도 method=geo geo=True
[21:59:03] submit 미확인 method=geo generating=False composer=344
[21:59:04] submit geo=corner-live x=546 y=812
[21:59:04] submit 시도 method=send send=True
[21:59:04] submit 미확인 method=send generating=False composer=344
[21:59:04] submit 시도 method=ctrl
[21:59:05] submit 미확인 method=ctrl generating=False composer=344
[21:59:05] submit 시도 method=enter
[21:59:06] submit 확인 method=enter generating=False composer=0
[21:59:06] ⏱ 입력·전송 SRT_1410 4.0s · chars=344
[21:59:06] 제출 후 last_saved=https://www.genspark.ai/api/files/s/gbwatvzu
[21:59:06] ⏱ 생성대기 시작 SRT_1410 max=120s
[21:59:19] ⏱ 생성대기 완료 13.4s SRT_1410 https://www.genspark.ai/api/files/s/mnvxp4q0
[21:59:19] ⏱ 생성대기구간 SRT_1410 13.4s · ok=True
[21:59:19] SRT_1410 근접 이미지 https://www.genspark.ai/api/files/s/mnvxp4q0
[21:59:19] 다운로드 files URL=https://www.genspark.ai/api/files/s/mnvxp4q0 → SRT_1410.png
[21:59:19] ⏱ 다운로드 직접실패 0.2s · 페이지 fetch 재시도: HTTP Error 403: Forbidden
[21:59:20] ⏱ 다운로드 fetch 0.1s size=717136 SRT_1410.png
[21:59:20] ⏱ 다운로드구간 SRT_1410 0.3s · SRT_1410.png
[21:59:24] ⏱ 다운로드후유휴 SRT_1410 4.1s · idle=True
[21:59:24] ⏱ 씬합계 SRT_1410 23.5s · https://www.genspark.ai/api/files/s/mnvxp4q0
[21:59:24] SRT_1410 생성·다운로드 완료
C:\cursor\videt\무협극장\검신귀환록\1부\10장\png\SRT_1410.png
[21:59:24] run_scene 시작 SRT_1425 · seen_files=95 · last_saved=https://www.genspark.ai/api/files/s/mnvxp4q0
[21:59:24] ⏱ 준비 SRT_1425 0.0s · chars=366
[21:59:25] ⏱ 다음명령유휴 SRT_1425 1.3s · idle=True
[21:59:26] fill OK follow=True chars=366 url=https://www.genspark.ai/agents?id=8ebed4c4-bb9d-4924-9d58-debb36797f85
[21:59:26] submit 시작 composer=366 url=https://www.genspark.ai/agents?id=8ebed4c4-bb9d-4924-9d58-debb36797f85
[21:59:26] submit geo=corner-live x=546 y=812
[21:59:26] submit 시도 method=geo geo=True
[21:59:27] submit 미확인 method=geo generating=False composer=366
[21:59:27] submit geo=corner-live x=546 y=812
[21:59:27] submit 시도 method=send send=True
[21:59:28] submit 미확인 method=send generating=False composer=366
[21:59:28] submit 시도 method=ctrl
[21:59:29] submit 미확인 method=ctrl generating=False composer=366
[21:59:29] submit 시도 method=enter
[21:59:29] submit 확인 method=enter generating=False composer=0
[21:59:29] ⏱ 입력·전송 SRT_1425 4.0s · chars=366
[21:59:29] 제출 후 last_saved=https://www.genspark.ai/api/files/s/mnvxp4q0
[21:59:29] ⏱ 생성대기 시작 SRT_1425 max=120s
[21:59:44] ⏱ 생성대기 완료 14.2s SRT_1425 https://www.genspark.ai/api/files/s/dmxko0kj
[21:59:44] ⏱ 생성대기구간 SRT_1425 14.2s · ok=True
[21:59:44] SRT_1425 근접 이미지 https://www.genspark.ai/api/files/s/dmxko0kj
[21:59:44] 다운로드 files URL=https://www.genspark.ai/api/files/s/dmxko0kj → SRT_1425.png
[21:59:44] ⏱ 다운로드 직접실패 0.3s · 페이지 fetch 재시도: HTTP Error 403: Forbidden
[21:59:44] ⏱ 다운로드 fetch 0.1s size=691448 SRT_1425.png
[21:59:44] ⏱ 다운로드구간 SRT_1425 0.4s · SRT_1425.png
[21:59:48] ⏱ 다운로드후유휴 SRT_1425 3.7s · idle=True
[21:59:48] ⏱ 씬합계 SRT_1425 23.9s · https://www.genspark.ai/api/files/s/dmxko0kj
[21:59:48] SRT_1425 생성·다운로드 완료
C:\cursor\videt\무협극장\검신귀환록\1부\10장\png\SRT_1425.png
[21:59:48] run_scene 시작 SRT_1440 · seen_files=96 · last_saved=https://www.genspark.ai/api/files/s/dmxko0kj
[21:59:48] ⏱ 준비 SRT_1440 0.0s · chars=341
[21:59:49] ⏱ 다음명령유휴 SRT_1440 1.5s · idle=True
[21:59:50] fill OK follow=True chars=341 url=https://www.genspark.ai/agents?id=8ebed4c4-bb9d-4924-9d58-debb36797f85
[21:59:50] submit 시작 composer=341 url=https://www.genspark.ai/agents?id=8ebed4c4-bb9d-4924-9d58-debb36797f85
[21:59:51] submit geo=corner-live x=546 y=812
[21:59:51] submit 시도 method=geo geo=True
[21:59:51] submit 미확인 method=geo generating=False composer=341
[21:59:52] submit geo=corner-live x=546 y=812
[21:59:52] submit 시도 method=send send=True
[21:59:52] submit 미확인 method=send generating=False composer=341
[21:59:52] submit 시도 method=ctrl
[21:59:53] submit 미확인 method=ctrl generating=False composer=341
[21:59:53] submit 시도 method=enter
[21:59:54] submit 확인 method=enter generating=False composer=0
[21:59:54] ⏱ 입력·전송 SRT_1440 4.1s · chars=341
[21:59:54] 제출 후 last_saved=https://www.genspark.ai/api/files/s/dmxko0kj
[21:59:54] ⏱ 생성대기 시작 SRT_1440 max=120s
[22:00:07] ⏱ 생성대기 완료 13.2s SRT_1440 https://www.genspark.ai/api/files/s/pfg2mkrd
[22:00:07] ⏱ 생성대기구간 SRT_1440 13.2s · ok=True
[22:00:07] SRT_1440 근접 이미지 https://www.genspark.ai/api/files/s/pfg2mkrd
[22:00:07] 다운로드 files URL=https://www.genspark.ai/api/files/s/pfg2mkrd → SRT_1440.png
[22:00:07] ⏱ 다운로드 직접실패 0.2s · 페이지 fetch 재시도: HTTP Error 403: Forbidden
[22:00:07] ⏱ 다운로드 fetch 0.1s size=676338 SRT_1440.png
[22:00:07] ⏱ 다운로드구간 SRT_1440 0.3s · SRT_1440.png
[22:00:12] ⏱ 다운로드후유휴 SRT_1440 4.3s · idle=True
[22:00:12] ⏱ 씬합계 SRT_1440 23.8s · https://www.genspark.ai/api/files/s/pfg2mkrd
[22:00:12] SRT_1440 생성·다운로드 완료
C:\cursor\videt\무협극장\검신귀환록\1부\10장\png\SRT_1440.png
[22:00:12] run_scene 시작 SRT_1455 · seen_files=97 · last_saved=https://www.genspark.ai/api/files/s/pfg2mkrd
[22:00:12] ⏱ 준비 SRT_1455 0.0s · chars=342
[22:00:13] ⏱ 다음명령유휴 SRT_1455 1.5s · idle=True
[22:00:14] fill OK follow=True chars=342 url=https://www.genspark.ai/agents?id=8ebed4c4-bb9d-4924-9d58-debb36797f85
[22:00:14] submit 시작 composer=342 url=https://www.genspark.ai/agents?id=8ebed4c4-bb9d-4924-9d58-debb36797f85
[22:00:14] submit geo=corner-live x=546 y=812
[22:00:14] submit 시도 method=geo geo=True
[22:00:15] submit 미확인 method=geo generating=False composer=342
[22:00:16] submit geo=corner-live x=546 y=812
[22:00:16] submit 시도 method=send send=True
[22:00:16] submit 미확인 method=send generating=False composer=342
[22:00:16] submit 시도 method=ctrl
[22:00:17] submit 미확인 method=ctrl generating=False composer=342
[22:00:17] submit 시도 method=enter
[22:00:18] submit 확인 method=enter generating=False composer=0
[22:00:18] ⏱ 입력·전송 SRT_1455 4.3s · chars=342
[22:00:18] 제출 후 last_saved=https://www.genspark.ai/api/files/s/pfg2mkrd
[22:00:18] ⏱ 생성대기 시작 SRT_1455 max=120s
[22:00:33] ⏱ 생성대기 진행 15.3s SRT_1455 busy=False url_ok=False
[22:00:48] ⏱ 생성대기 진행 30.4s SRT_1455 busy=False url_ok=False
[22:01:03] ⏱ 생성대기 진행 45.7s SRT_1455 busy=False url_ok=False
[22:01:18] ⏱ 생성대기 진행 60.7s SRT_1455 busy=False url_ok=False
[22:01:34] ⏱ 생성대기 진행 75.8s SRT_1455 busy=False url_ok=False
[22:01:49] ⏱ 생성대기 진행 90.8s SRT_1455 busy=False url_ok=False
[22:02:04] ⏱ 생성대기 진행 105.8s SRT_1455 busy=False url_ok=False
[22:02:18] ⏱ 생성대기 시간초과 120.4s SRT_1455 (새 api/files 이미지 없음, max=120s)
[22:02:18] ⏱ 생성대기구간 SRT_1455 120.4s · ok=False
[22:02:18] run_scene 실패(재시도 없음): 새 이미지 대기 초과 (120s) — 다음 씬으로 진행
[22:02:18] SRT_1455 실패 — 다음 씬 계속
새 이미지 대기 초과 (120s) — 다음 씬으로 진행
[22:02:18] run_scene 시작 SRT_1470 · seen_files=97 · last_saved=https://www.genspark.ai/api/files/s/pfg2mkrd
[22:02:18] ⏱ 준비 SRT_1470 0.0s · chars=343
[22:02:25] ⏱ 다음명령유휴 SRT_1470 6.6s · idle=True
[22:02:26] fill OK follow=True chars=343 url=https://www.genspark.ai/agents?id=8ebed4c4-bb9d-4924-9d58-debb36797f85
[22:02:26] submit 시작 composer=343 url=https://www.genspark.ai/agents?id=8ebed4c4-bb9d-4924-9d58-debb36797f85
[22:02:26] submit geo=corner-live x=546 y=812
[22:02:26] submit 시도 method=geo geo=True
[22:02:27] submit 미확인 method=geo generating=False composer=343
[22:02:27] submit geo=corner-live x=546 y=812
[22:02:27] submit 시도 method=send send=True
[22:02:28] submit 미확인 method=send generating=False composer=343
[22:02:28] submit 시도 method=ctrl
[22:02:28] submit 미확인 method=ctrl generating=False composer=343
[22:02:28] submit 시도 method=enter
[22:02:29] submit 미확인 method=enter generating=False composer=343
[22:02:29] submit geo=corner-live x=546 y=812
[22:02:29] submit 시도 method=geo2 geo=True
[22:02:30] submit 미확인 method=geo2 generating=False composer=343
[22:02:30] submit geo=corner-live x=546 y=812
[22:02:30] submit 시도 method=send2 send=True
[22:02:31] submit 미확인 method=send2 generating=False composer=343
[22:02:31] submit 시도 method=ctrl2
[22:02:32] submit 미확인 method=ctrl2 generating=False composer=343
[22:02:32] submit 실패 composer잔존=343
[22:02:32] ⏱ 입력·전송 SRT_1470 6.6s · chars=343
[22:02:32] 제출 후 last_saved=https://www.genspark.ai/api/files/s/pfg2mkrd
[22:02:32] ⏱ 생성대기 시작 SRT_1470 max=120s
[22:02:33] ⏱ 생성대기 완료 0.9s SRT_1470 https://www.genspark.ai/api/files/s/ixenibtz
[22:02:33] ⏱ 생성대기구간 SRT_1470 0.9s · ok=True
[22:02:33] 폴백: 미수신 api/files https://www.genspark.ai/api/files/s/ixenibtz
[22:02:33] 다운로드 files URL=https://www.genspark.ai/api/files/s/ixenibtz → SRT_1470.png
[22:02:33] ⏱ 다운로드 직접실패 0.2s · 페이지 fetch 재시도: HTTP Error 403: Forbidden
[22:02:33] ⏱ 다운로드 fetch 0.1s size=754487 SRT_1470.png
[22:02:33] ⏱ 다운로드구간 SRT_1470 0.4s · SRT_1470.png
[22:02:36] ⏱ 다운로드후유휴 SRT_1470 2.9s · idle=True
[22:02:36] ⏱ 씬합계 SRT_1470 17.6s · https://www.genspark.ai/api/files/s/ixenibtz
[22:02:36] SRT_1470 생성·다운로드 완료
C:\cursor\videt\무협극장\검신귀환록\1부\10장\png\SRT_1470.png
[22:02:36] run_scene 시작 SRT_1485 · seen_files=98 · last_saved=https://www.genspark.ai/api/files/s/ixenibtz
[22:02:36] ⏱ 준비 SRT_1485 0.0s · chars=349
[22:02:38] ⏱ 다음명령유휴 SRT_1485 1.3s · idle=True
[22:02:38] fill OK follow=True chars=349 url=https://www.genspark.ai/agents?id=8ebed4c4-bb9d-4924-9d58-debb36797f85
[22:02:38] submit 시작 composer=349 url=https://www.genspark.ai/agents?id=8ebed4c4-bb9d-4924-9d58-debb36797f85
[22:02:39] submit geo=corner-live x=546 y=812
[22:02:39] submit 시도 method=geo geo=True
[22:02:39] submit 미확인 method=geo generating=False composer=349
[22:02:40] submit geo=corner-live x=546 y=812
[22:02:40] submit 시도 method=send send=True
[22:02:40] submit 미확인 method=send generating=False composer=349
[22:02:40] submit 시도 method=ctrl
[22:02:41] submit 미확인 method=ctrl generating=False composer=349
[22:02:41] submit 시도 method=enter
[22:02:42] submit 확인 method=enter generating=False composer=0
[22:02:42] ⏱ 입력·전송 SRT_1485 4.1s · chars=349
[22:02:42] 제출 후 last_saved=https://www.genspark.ai/api/files/s/ixenibtz
[22:02:42] ⏱ 생성대기 시작 SRT_1485 max=120s
[22:02:57] ⏱ 생성대기 진행 15.2s SRT_1485 busy=False url_ok=False
[22:02:58] ⏱ 생성대기 완료 16.4s SRT_1485 https://www.genspark.ai/api/files/s/z4xnaw4d
[22:02:58] ⏱ 생성대기구간 SRT_1485 16.4s · ok=True
[22:02:58] 폴백: 미수신 api/files https://www.genspark.ai/api/files/s/z4xnaw4d
[22:02:58] 다운로드 files URL=https://www.genspark.ai/api/files/s/z4xnaw4d → SRT_1485.png
[22:02:58] ⏱ 다운로드 직접실패 0.2s · 페이지 fetch 재시도: HTTP Error 403: Forbidden
[22:02:59] ⏱ 다운로드 fetch 0.1s size=752418 SRT_1485.png
[22:02:59] ⏱ 다운로드구간 SRT_1485 0.3s · SRT_1485.png
[22:03:02] ⏱ 다운로드후유휴 SRT_1485 3.5s · idle=True
[22:03:02] ⏱ 씬합계 SRT_1485 25.9s · https://www.genspark.ai/api/files/s/z4xnaw4d
[22:03:02] SRT_1485 생성·다운로드 완료
C:\cursor\videt\무협극장\검신귀환록\1부\10장\png\SRT_1485.png
[22:03:02] run_scene 시작 SRT_1500 · seen_files=99 · last_saved=https://www.genspark.ai/api/files/s/z4xnaw4d
[22:03:02] ⏱ 준비 SRT_1500 0.0s · chars=346
[22:03:04] ⏱ 다음명령유휴 SRT_1500 1.4s · idle=True
[22:03:04] fill OK follow=True chars=346 url=https://www.genspark.ai/agents?id=8ebed4c4-bb9d-4924-9d58-debb36797f85
[22:03:04] submit 시작 composer=346 url=https://www.genspark.ai/agents?id=8ebed4c4-bb9d-4924-9d58-debb36797f85
[22:03:05] submit geo=corner-live x=546 y=812
[22:03:05] submit 시도 method=geo geo=True
[22:03:05] submit 미확인 method=geo generating=False composer=346
[22:03:06] submit geo=corner-live x=546 y=812
[22:03:06] submit 시도 method=send send=True
[22:03:07] submit 미확인 method=send generating=False composer=346
[22:03:07] submit 시도 method=ctrl
[22:03:07] submit 미확인 method=ctrl generating=False composer=346
[22:03:07] submit 시도 method=enter
[22:03:08] submit 확인 method=enter generating=False composer=0
[22:03:08] ⏱ 입력·전송 SRT_1500 4.1s · chars=346
[22:03:08] 제출 후 last_saved=https://www.genspark.ai/api/files/s/z4xnaw4d
[22:03:08] ⏱ 생성대기 시작 SRT_1500 max=120s
[22:03:23] ⏱ 생성대기 진행 15.1s SRT_1500 busy=False url_ok=False
[22:03:27] ⏱ 생성대기 완료(busy무시) 18.6s SRT_1500 https://www.genspark.ai/api/files/s/i6cmsoac
[22:03:27] ⏱ 생성대기구간 SRT_1500 18.6s · ok=True
[22:03:27] SRT_1500 근접 이미지 https://www.genspark.ai/api/files/s/i6cmsoac
[22:03:27] 다운로드 files URL=https://www.genspark.ai/api/files/s/i6cmsoac → SRT_1500.png
[22:03:27] ⏱ 다운로드 직접실패 0.2s · 페이지 fetch 재시도: HTTP Error 403: Forbidden
[22:03:27] ⏱ 다운로드 fetch 0.1s size=691480 SRT_1500.png
[22:03:27] ⏱ 다운로드구간 SRT_1500 0.3s · SRT_1500.png
[22:03:31] ⏱ 다운로드후유휴 SRT_1500 4.0s · idle=True
[22:03:31] ⏱ 씬합계 SRT_1500 28.7s · https://www.genspark.ai/api/files/s/i6cmsoac
[22:03:31] SRT_1500 생성·다운로드 완료
C:\cursor\videt\무협극장\검신귀환록\1부\10장\png\SRT_1500.png
[22:03:31] run_scene 시작 SRT_1515 · seen_files=100 · last_saved=https://www.genspark.ai/api/files/s/i6cmsoac
[22:03:31] ⏱ 준비 SRT_1515 0.0s · chars=343
[22:03:33] ⏱ 다음명령유휴 SRT_1515 1.4s · idle=True
[22:03:33] fill OK follow=True chars=343 url=https://www.genspark.ai/agents?id=8ebed4c4-bb9d-4924-9d58-debb36797f85
[22:03:33] submit 시작 composer=343 url=https://www.genspark.ai/agents?id=8ebed4c4-bb9d-4924-9d58-debb36797f85
[22:03:34] submit geo=corner-live x=546 y=812
[22:03:34] submit 시도 method=geo geo=True
[22:03:34] submit 미확인 method=geo generating=False composer=343
[22:03:35] submit geo=corner-live x=546 y=812
[22:03:35] submit 시도 method=send send=True
[22:03:36] submit 미확인 method=send generating=False composer=343
[22:03:36] submit 시도 method=ctrl
[22:03:36] submit 미확인 method=ctrl generating=False composer=343
[22:03:36] submit 시도 method=enter
[22:03:37] submit 확인 method=enter generating=False composer=0
[22:03:37] ⏱ 입력·전송 SRT_1515 4.6s · chars=343
[22:03:37] 제출 후 last_saved=https://www.genspark.ai/api/files/s/i6cmsoac
[22:03:37] ⏱ 생성대기 시작 SRT_1515 max=120s
[22:03:49] ⏱ 생성대기 완료(busy무시) 12.1s SRT_1515 https://www.genspark.ai/api/files/s/pr9wxrwx
[22:03:49] ⏱ 생성대기구간 SRT_1515 12.1s · ok=True
[22:03:49] SRT_1515 근접 이미지 https://www.genspark.ai/api/files/s/pr9wxrwx
[22:03:49] 다운로드 files URL=https://www.genspark.ai/api/files/s/pr9wxrwx → SRT_1515.png
[22:03:50] ⏱ 다운로드 직접실패 0.2s · 페이지 fetch 재시도: HTTP Error 403: Forbidden
[22:03:50] ⏱ 다운로드 fetch 0.1s size=800529 SRT_1515.png
[22:03:50] ⏱ 다운로드구간 SRT_1515 0.4s · SRT_1515.png
[22:03:53] ⏱ 다운로드후유휴 SRT_1515 3.6s · idle=True
[22:03:53] ⏱ 씬합계 SRT_1515 22.2s · https://www.genspark.ai/api/files/s/pr9wxrwx
[22:03:53] SRT_1515 생성·다운로드 완료
C:\cursor\videt\무협극장\검신귀환록\1부\10장\png\SRT_1515.png
[22:03:53] run_scene 시작 SRT_1530 · seen_files=101 · last_saved=https://www.genspark.ai/api/files/s/pr9wxrwx
[22:03:54] ⏱ 준비 SRT_1530 0.0s · chars=337
[22:03:55] ⏱ 다음명령유휴 SRT_1530 1.4s · idle=True
[22:03:56] fill OK follow=True chars=337 url=https://www.genspark.ai/agents?id=8ebed4c4-bb9d-4924-9d58-debb36797f85
[22:03:56] submit 시작 composer=337 url=https://www.genspark.ai/agents?id=8ebed4c4-bb9d-4924-9d58-debb36797f85
[22:03:56] submit geo=corner-live x=546 y=812
[22:03:56] submit 시도 method=geo geo=True
[22:03:57] submit 미확인 method=geo generating=False composer=337
[22:03:57] submit geo=corner-live x=546 y=812
[22:03:57] submit 시도 method=send send=True
[22:03:58] submit 미확인 method=send generating=False composer=337
[22:03:58] submit 시도 method=ctrl
[22:03:59] submit 미확인 method=ctrl generating=False composer=337
[22:03:59] submit 시도 method=enter
[22:03:59] submit 확인 method=enter generating=False composer=0
[22:03:59] ⏱ 입력·전송 SRT_1530 4.4s · chars=337
[22:03:59] 제출 후 last_saved=https://www.genspark.ai/api/files/s/pr9wxrwx
[22:04:00] ⏱ 생성대기 시작 SRT_1530 max=120s
[22:04:13] ⏱ 생성대기 완료(busy무시) 13.4s SRT_1530 https://www.genspark.ai/api/files/s/pjuo1yml
[22:04:13] ⏱ 생성대기구간 SRT_1530 13.4s · ok=True
[22:04:13] SRT_1530 근접 이미지 https://www.genspark.ai/api/files/s/pjuo1yml
[22:04:13] 다운로드 files URL=https://www.genspark.ai/api/files/s/pjuo1yml → SRT_1530.png
[22:04:13] ⏱ 다운로드 직접실패 0.2s · 페이지 fetch 재시도: HTTP Error 403: Forbidden
[22:04:13] ⏱ 다운로드 fetch 0.1s size=633633 SRT_1530.png
[22:04:13] ⏱ 다운로드구간 SRT_1530 0.3s · SRT_1530.png
[22:04:16] ⏱ 다운로드후유휴 SRT_1530 2.5s · idle=True
[22:04:16] ⏱ 씬합계 SRT_1530 22.3s · https://www.genspark.ai/api/files/s/pjuo1yml
[22:04:16] SRT_1530 생성·다운로드 완료
C:\cursor\videt\무협극장\검신귀환록\1부\10장\png\SRT_1530.png
[22:04:16] run_scene 시작 SRT_1545 · seen_files=102 · last_saved=https://www.genspark.ai/api/files/s/pjuo1yml
[22:04:16] ⏱ 준비 SRT_1545 0.0s · chars=357
[22:04:17] ⏱ 다음명령유휴 SRT_1545 1.3s · idle=True
[22:04:18] fill OK follow=True chars=357 url=https://www.genspark.ai/agents?id=8ebed4c4-bb9d-4924-9d58-debb36797f85
[22:04:18] submit 시작 composer=357 url=https://www.genspark.ai/agents?id=8ebed4c4-bb9d-4924-9d58-debb36797f85
[22:04:18] submit geo=corner-live x=546 y=812
[22:04:18] submit 시도 method=geo geo=True
[22:04:19] submit 미확인 method=geo generating=False composer=357
[22:04:20] submit geo=corner-live x=546 y=812
[22:04:20] submit 시도 method=send send=True
[22:04:20] submit 미확인 method=send generating=False composer=357
[22:04:20] submit 시도 method=ctrl
[22:04:21] submit 미확인 method=ctrl generating=False composer=357
[22:04:21] submit 시도 method=enter
[22:04:22] submit 확인 method=enter generating=False composer=0
[22:04:22] ⏱ 입력·전송 SRT_1545 4.2s · chars=357
[22:04:22] 제출 후 last_saved=https://www.genspark.ai/api/files/s/pjuo1yml
[22:04:22] ⏱ 생성대기 시작 SRT_1545 max=120s
[22:04:36] ⏱ 생성대기 완료 14.5s SRT_1545 https://www.genspark.ai/api/files/s/nxbvkfhn
[22:04:36] ⏱ 생성대기구간 SRT_1545 14.5s · ok=True
[22:04:36] SRT_1545 근접 이미지 https://www.genspark.ai/api/files/s/nxbvkfhn
[22:04:36] 다운로드 files URL=https://www.genspark.ai/api/files/s/nxbvkfhn → SRT_1545.png
[22:04:37] ⏱ 다운로드 직접실패 0.2s · 페이지 fetch 재시도: HTTP Error 403: Forbidden
[22:04:37] ⏱ 다운로드 fetch 0.1s size=765591 SRT_1545.png
[22:04:37] ⏱ 다운로드구간 SRT_1545 0.4s · SRT_1545.png
[22:04:38] ⏱ 다운로드후유휴 SRT_1545 1.5s · idle=True
[22:04:38] ⏱ 씬합계 SRT_1545 22.3s · https://www.genspark.ai/api/files/s/nxbvkfhn
[22:04:38] SRT_1545 생성·다운로드 완료
C:\cursor\videt\무협극장\검신귀환록\1부\10장\png\SRT_1545.png
[22:04:38] run_scene 시작 SRT_1560 · seen_files=103 · last_saved=https://www.genspark.ai/api/files/s/nxbvkfhn
[22:04:38] ⏱ 준비 SRT_1560 0.0s · chars=341
[22:04:44] ⏱ 다음명령유휴 SRT_1560 5.8s · idle=True
[22:04:45] fill OK follow=True chars=341 url=https://www.genspark.ai/agents?id=8ebed4c4-bb9d-4924-9d58-debb36797f85
[22:04:45] submit 시작 composer=341 url=https://www.genspark.ai/agents?id=8ebed4c4-bb9d-4924-9d58-debb36797f85
[22:04:46] submit geo=corner-live x=546 y=812
[22:04:46] submit 시도 method=geo geo=True
[22:04:47] submit 미확인 method=geo generating=False composer=341
[22:04:48] submit geo=corner-live x=546 y=812
[22:04:48] submit 시도 method=send send=True
[22:04:49] submit 미확인 method=send generating=False composer=341
[22:04:49] submit 시도 method=ctrl
[22:04:49] submit 미확인 method=ctrl generating=False composer=341
[22:04:49] submit 시도 method=enter
[22:04:50] submit 확인 method=enter generating=False composer=0
[22:04:50] ⏱ 입력·전송 SRT_1560 6.1s · chars=341
[22:04:50] 제출 후 last_saved=https://www.genspark.ai/api/files/s/nxbvkfhn
[22:04:50] ⏱ 생성대기 시작 SRT_1560 max=120s
[22:05:01] ⏱ 생성대기 완료 10.2s SRT_1560 https://www.genspark.ai/api/files/s/ahxl3ffa
[22:05:01] ⏱ 생성대기구간 SRT_1560 10.2s · ok=True
[22:05:01] 폴백: 미수신 api/files https://www.genspark.ai/api/files/s/ahxl3ffa
[22:05:01] 다운로드 files URL=https://www.genspark.ai/api/files/s/ahxl3ffa → SRT_1560.png
[22:05:01] ⏱ 다운로드 직접실패 0.3s · 페이지 fetch 재시도: HTTP Error 403: Forbidden
[22:05:01] ⏱ 다운로드 fetch 0.2s size=683592 SRT_1560.png
[22:05:01] ⏱ 다운로드구간 SRT_1560 0.6s · SRT_1560.png
[22:05:05] ⏱ 다운로드후유휴 SRT_1560 3.6s · idle=True
[22:05:05] ⏱ 씬합계 SRT_1560 26.6s · https://www.genspark.ai/api/files/s/ahxl3ffa
[22:05:05] SRT_1560 생성·다운로드 완료
C:\cursor\videt\무협극장\검신귀환록\1부\10장\png\SRT_1560.png
[22:05:05] run_scene 시작 SRT_1575 · seen_files=104 · last_saved=https://www.genspark.ai/api/files/s/ahxl3ffa
[22:05:05] ⏱ 준비 SRT_1575 0.0s · chars=342
[22:05:07] ⏱ 다음명령유휴 SRT_1575 2.2s · idle=True
[22:05:08] fill OK follow=True chars=342 url=https://www.genspark.ai/agents?id=8ebed4c4-bb9d-4924-9d58-debb36797f85
[22:05:08] submit 시작 composer=342 url=https://www.genspark.ai/agents?id=8ebed4c4-bb9d-4924-9d58-debb36797f85
[22:05:09] submit geo=corner-live x=546 y=812
[22:05:09] submit 시도 method=geo geo=True
[22:05:10] submit 미확인 method=geo generating=False composer=342
[22:05:11] submit geo=corner-live x=546 y=812
[22:05:12] submit 시도 method=send send=True
[22:05:12] submit 미확인 method=send generating=False composer=342
[22:05:12] submit 시도 method=ctrl
[22:05:13] submit 미확인 method=ctrl generating=False composer=342
[22:05:13] submit 시도 method=enter
[22:05:14] submit 확인 method=enter generating=False composer=0
[22:05:14] ⏱ 입력·전송 SRT_1575 6.3s · chars=342
[22:05:14] 제출 후 last_saved=https://www.genspark.ai/api/files/s/ahxl3ffa
[22:05:14] ⏱ 생성대기 시작 SRT_1575 max=120s
[22:05:25] ⏱ 생성대기 완료 11.6s SRT_1575 https://www.genspark.ai/api/files/s/9lkyrvof
[22:05:25] ⏱ 생성대기구간 SRT_1575 11.6s · ok=True
[22:05:25] SRT_1575 근접 이미지 https://www.genspark.ai/api/files/s/9lkyrvof
[22:05:25] 다운로드 files URL=https://www.genspark.ai/api/files/s/9lkyrvof → SRT_1575.png
[22:05:26] ⏱ 다운로드 직접실패 0.2s · 페이지 fetch 재시도: HTTP Error 403: Forbidden
[22:05:26] ⏱ 다운로드 fetch 0.1s size=617257 SRT_1575.png
[22:05:26] ⏱ 다운로드구간 SRT_1575 0.3s · SRT_1575.png
[22:05:30] ⏱ 다운로드후유휴 SRT_1575 4.3s · idle=True
[22:05:30] ⏱ 씬합계 SRT_1575 25.0s · https://www.genspark.ai/api/files/s/9lkyrvof
[22:05:30] SRT_1575 생성·다운로드 완료
C:\cursor\videt\무협극장\검신귀환록\1부\10장\png\SRT_1575.png
[22:05:30] run_scene 시작 SRT_1590 · seen_files=105 · last_saved=https://www.genspark.ai/api/files/s/9lkyrvof
[22:05:30] ⏱ 준비 SRT_1590 0.0s · chars=321
[22:05:32] ⏱ 다음명령유휴 SRT_1590 1.5s · idle=True
[22:05:32] fill OK follow=True chars=321 url=https://www.genspark.ai/agents?id=8ebed4c4-bb9d-4924-9d58-debb36797f85
[22:05:32] submit 시작 composer=321 url=https://www.genspark.ai/agents?id=8ebed4c4-bb9d-4924-9d58-debb36797f85
[22:05:33] submit geo=corner-live x=546 y=812
[22:05:33] submit 시도 method=geo geo=True
[22:05:34] submit 미확인 method=geo generating=False composer=321
[22:05:34] submit geo=corner-live x=546 y=812
[22:05:34] submit 시도 method=send send=True
[22:05:35] submit 미확인 method=send generating=False composer=321
[22:05:35] submit 시도 method=ctrl
[22:05:35] submit 미확인 method=ctrl generating=False composer=321
[22:05:36] submit 시도 method=enter
[22:05:36] submit 확인 method=enter generating=False composer=0
[22:05:36] ⏱ 입력·전송 SRT_1590 4.4s · chars=321
[22:05:36] 제출 후 last_saved=https://www.genspark.ai/api/files/s/9lkyrvof
[22:05:36] ⏱ 생성대기 시작 SRT_1590 max=120s
[22:05:50] ⏱ 생성대기 완료 13.2s SRT_1590 https://www.genspark.ai/api/files/s/altn5cxk
[22:05:50] ⏱ 생성대기구간 SRT_1590 13.2s · ok=True
[22:05:50] 폴백: 미수신 api/files https://www.genspark.ai/api/files/s/altn5cxk
[22:05:50] 다운로드 files URL=https://www.genspark.ai/api/files/s/altn5cxk → SRT_1590.png
[22:05:50] ⏱ 다운로드 직접실패 0.3s · 페이지 fetch 재시도: HTTP Error 403: Forbidden
[22:05:50] ⏱ 다운로드 fetch 0.1s size=607842 SRT_1590.png
[22:05:50] ⏱ 다운로드구간 SRT_1590 0.4s · SRT_1590.png
[22:05:52] ⏱ 다운로드후유휴 SRT_1590 2.3s · idle=True
[22:05:52] ⏱ 씬합계 SRT_1590 22.1s · https://www.genspark.ai/api/files/s/altn5cxk
[22:05:52] SRT_1590 생성·다운로드 완료
C:\cursor\videt\무협극장\검신귀환록\1부\10장\png\SRT_1590.png
[22:05:53] run_scene 시작 SRT_1605 · seen_files=106 · last_saved=https://www.genspark.ai/api/files/s/altn5cxk
[22:05:53] ⏱ 준비 SRT_1605 0.0s · chars=361
[22:05:54] ⏱ 다음명령유휴 SRT_1605 1.4s · idle=True
[22:05:55] fill OK follow=True chars=361 url=https://www.genspark.ai/agents?id=8ebed4c4-bb9d-4924-9d58-debb36797f85
[22:05:55] submit 시작 composer=361 url=https://www.genspark.ai/agents?id=8ebed4c4-bb9d-4924-9d58-debb36797f85
[22:05:55] submit geo=corner-live x=546 y=812
[22:05:55] submit 시도 method=geo geo=True
[22:05:56] submit 미확인 method=geo generating=False composer=361
[22:05:56] submit geo=corner-live x=546 y=812
[22:05:56] submit 시도 method=send send=True
[22:05:57] submit 미확인 method=send generating=False composer=361
[22:05:57] submit 시도 method=ctrl
[22:05:57] submit 미확인 method=ctrl generating=False composer=361
[22:05:58] submit 시도 method=enter
[22:05:58] submit 확인 method=enter generating=False composer=0
[22:05:58] ⏱ 입력·전송 SRT_1605 4.1s · chars=361
[22:05:58] 제출 후 last_saved=https://www.genspark.ai/api/files/s/altn5cxk
[22:05:58] ⏱ 생성대기 시작 SRT_1605 max=120s
[22:06:10] ⏱ 생성대기 완료 11.9s SRT_1605 https://www.genspark.ai/api/files/s/mzmtqkdm
[22:06:10] ⏱ 생성대기구간 SRT_1605 11.9s · ok=True
[22:06:10] SRT_1605 근접 이미지 https://www.genspark.ai/api/files/s/mzmtqkdm
[22:06:10] 다운로드 files URL=https://www.genspark.ai/api/files/s/mzmtqkdm → SRT_1605.png
[22:06:10] ⏱ 다운로드 직접실패 0.2s · 페이지 fetch 재시도: HTTP Error 403: Forbidden
[22:06:11] ⏱ 다운로드 fetch 0.1s size=619790 SRT_1605.png
[22:06:11] ⏱ 다운로드구간 SRT_1605 0.3s · SRT_1605.png
[22:06:14] ⏱ 다운로드후유휴 SRT_1605 4.0s · idle=True
[22:06:15] ⏱ 씬합계 SRT_1605 22.0s · https://www.genspark.ai/api/files/s/mzmtqkdm
[22:06:15] SRT_1605 생성·다운로드 완료
C:\cursor\videt\무협극장\검신귀환록\1부\10장\png\SRT_1605.png
[22:06:15] run_scene 시작 SRT_1620 · seen_files=107 · last_saved=https://www.genspark.ai/api/files/s/mzmtqkdm
[22:06:15] ⏱ 준비 SRT_1620 0.0s · chars=338
[22:06:16] ⏱ 다음명령유휴 SRT_1620 1.4s · idle=True
[22:06:17] fill OK follow=True chars=338 url=https://www.genspark.ai/agents?id=8ebed4c4-bb9d-4924-9d58-debb36797f85
[22:06:17] submit 시작 composer=338 url=https://www.genspark.ai/agents?id=8ebed4c4-bb9d-4924-9d58-debb36797f85
[22:06:17] submit geo=corner-live x=546 y=812
[22:06:17] submit 시도 method=geo geo=True
[22:06:18] submit 미확인 method=geo generating=False composer=338
[22:06:18] submit geo=corner-live x=546 y=812
[22:06:18] submit 시도 method=send send=True
[22:06:19] submit 미확인 method=send generating=False composer=338
[22:06:19] submit 시도 method=ctrl
[22:06:20] submit 미확인 method=ctrl generating=False composer=338
[22:06:20] submit 시도 method=enter
[22:06:20] submit 확인 method=enter generating=False composer=0
[22:06:20] ⏱ 입력·전송 SRT_1620 4.2s · chars=338
[22:06:20] 제출 후 last_saved=https://www.genspark.ai/api/files/s/mzmtqkdm
[22:06:20] ⏱ 생성대기 시작 SRT_1620 max=120s
[22:06:34] ⏱ 생성대기 완료 13.8s SRT_1620 https://www.genspark.ai/api/files/s/evasehni
[22:06:34] ⏱ 생성대기구간 SRT_1620 13.8s · ok=True
[22:06:34] SRT_1620 근접 이미지 https://www.genspark.ai/api/files/s/evasehni
[22:06:34] 다운로드 files URL=https://www.genspark.ai/api/files/s/evasehni → SRT_1620.png
[22:06:35] ⏱ 다운로드 직접실패 0.3s · 페이지 fetch 재시도: HTTP Error 403: Forbidden
[22:06:35] ⏱ 다운로드 fetch 0.1s size=545407 SRT_1620.png
[22:06:35] ⏱ 다운로드구간 SRT_1620 0.4s · SRT_1620.png
[22:06:42] ⏱ 다운로드후유휴 SRT_1620 7.5s · idle=True
[22:06:42] ⏱ 씬합계 SRT_1620 27.6s · https://www.genspark.ai/api/files/s/evasehni
[22:06:42] SRT_1620 생성·다운로드 완료
C:\cursor\videt\무협극장\검신귀환록\1부\10장\png\SRT_1620.png
[22:06:42] run_scene 시작 SRT_1635 · seen_files=108 · last_saved=https://www.genspark.ai/api/files/s/evasehni
[22:06:42] ⏱ 준비 SRT_1635 0.0s · chars=343
[22:06:44] ⏱ 다음명령유휴 SRT_1635 1.5s · idle=True
[22:06:45] fill OK follow=True chars=343 url=https://www.genspark.ai/agents?id=8ebed4c4-bb9d-4924-9d58-debb36797f85
[22:06:45] submit 시작 composer=343 url=https://www.genspark.ai/agents?id=8ebed4c4-bb9d-4924-9d58-debb36797f85
[22:06:45] submit geo=corner-live x=546 y=812
[22:06:45] submit 시도 method=geo geo=True
[22:06:46] submit 미확인 method=geo generating=False composer=343
[22:06:46] submit geo=corner-live x=546 y=812
[22:06:46] submit 시도 method=send send=True
[22:06:47] submit 미확인 method=send generating=False composer=343
[22:06:47] submit 시도 method=ctrl
[22:06:48] submit 미확인 method=ctrl generating=False composer=343
[22:06:48] submit 시도 method=enter
[22:06:48] submit 확인 method=enter generating=False composer=0
[22:06:48] ⏱ 입력·전송 SRT_1635 4.2s · chars=343
[22:06:48] 제출 후 last_saved=https://www.genspark.ai/api/files/s/evasehni
[22:06:48] ⏱ 생성대기 시작 SRT_1635 max=120s
[22:07:00] ⏱ 생성대기 완료 12.0s SRT_1635 https://www.genspark.ai/api/files/s/kwfv5js5
[22:07:00] ⏱ 생성대기구간 SRT_1635 12.0s · ok=True
[22:07:00] SRT_1635 근접 이미지 https://www.genspark.ai/api/files/s/kwfv5js5
[22:07:00] 다운로드 files URL=https://www.genspark.ai/api/files/s/kwfv5js5 → SRT_1635.png
[22:07:01] ⏱ 다운로드 직접실패 0.2s · 페이지 fetch 재시도: HTTP Error 403: Forbidden
[22:07:01] ⏱ 다운로드 fetch 0.1s size=619909 SRT_1635.png
[22:07:01] ⏱ 다운로드구간 SRT_1635 0.3s · SRT_1635.png
[22:07:06] ⏱ 다운로드후유휴 SRT_1635 4.9s · idle=True
[22:07:06] ⏱ 씬합계 SRT_1635 23.2s · https://www.genspark.ai/api/files/s/kwfv5js5
[22:07:06] SRT_1635 생성·다운로드 완료
C:\cursor\videt\무협극장\검신귀환록\1부\10장\png\SRT_1635.png
[22:07:06] run_scene 시작 SRT_1650 · seen_files=109 · last_saved=https://www.genspark.ai/api/files/s/kwfv5js5
[22:07:06] ⏱ 준비 SRT_1650 0.0s · chars=321
[22:07:07] ⏱ 다음명령유휴 SRT_1650 1.5s · idle=True
[22:07:08] fill OK follow=True chars=321 url=https://www.genspark.ai/agents?id=8ebed4c4-bb9d-4924-9d58-debb36797f85
[22:07:08] submit 시작 composer=321 url=https://www.genspark.ai/agents?id=8ebed4c4-bb9d-4924-9d58-debb36797f85
[22:07:08] submit geo=corner-live x=546 y=812
[22:07:08] submit 시도 method=geo geo=True
[22:07:09] submit 미확인 method=geo generating=False composer=321
[22:07:10] submit geo=corner-live x=546 y=812
[22:07:10] submit 시도 method=send send=True
[22:07:10] submit 미확인 method=send generating=False composer=321
[22:07:10] submit 시도 method=ctrl
[22:07:11] submit 미확인 method=ctrl generating=False composer=321
[22:07:11] submit 시도 method=enter
[22:07:12] submit 확인 method=enter generating=False composer=0
[22:07:12] ⏱ 입력·전송 SRT_1650 4.2s · chars=321
[22:07:12] 제출 후 last_saved=https://www.genspark.ai/api/files/s/kwfv5js5
[22:07:12] ⏱ 생성대기 시작 SRT_1650 max=120s
[22:07:24] ⏱ 생성대기 완료 12.2s SRT_1650 https://www.genspark.ai/api/files/s/qbg5wumb
[22:07:24] ⏱ 생성대기구간 SRT_1650 12.2s · ok=True
[22:07:24] SRT_1650 근접 이미지 https://www.genspark.ai/api/files/s/qbg5wumb
[22:07:24] 다운로드 files URL=https://www.genspark.ai/api/files/s/qbg5wumb → SRT_1650.png
[22:07:24] ⏱ 다운로드 직접실패 0.2s · 페이지 fetch 재시도: HTTP Error 403: Forbidden
[22:07:24] ⏱ 다운로드 fetch 0.1s size=598767 SRT_1650.png
[22:07:24] ⏱ 다운로드구간 SRT_1650 0.3s · SRT_1650.png
[22:07:26] ⏱ 다운로드후유휴 SRT_1650 1.5s · idle=True
[22:07:26] ⏱ 씬합계 SRT_1650 20.0s · https://www.genspark.ai/api/files/s/qbg5wumb
[22:07:26] SRT_1650 생성·다운로드 완료
C:\cursor\videt\무협극장\검신귀환록\1부\10장\png\SRT_1650.png
[22:07:26] run_scene 시작 SRT_1665 · seen_files=110 · last_saved=https://www.genspark.ai/api/files/s/qbg5wumb
[22:07:26] ⏱ 준비 SRT_1665 0.0s · chars=334
[22:07:27] ⏱ 다음명령유휴 SRT_1665 1.4s · idle=True
[22:07:28] fill OK follow=True chars=334 url=https://www.genspark.ai/agents?id=8ebed4c4-bb9d-4924-9d58-debb36797f85
[22:07:28] submit 시작 composer=334 url=https://www.genspark.ai/agents?id=8ebed4c4-bb9d-4924-9d58-debb36797f85
[22:07:28] submit geo=corner-live x=546 y=812
[22:07:28] submit 시도 method=geo geo=True
[22:07:29] submit 미확인 method=geo generating=False composer=334
[22:07:30] submit geo=corner-live x=546 y=812
[22:07:30] submit 시도 method=send send=True
[22:07:30] submit 미확인 method=send generating=False composer=334
[22:07:30] submit 시도 method=ctrl
[22:07:31] submit 미확인 method=ctrl generating=False composer=334
[22:07:31] submit 시도 method=enter
[22:07:32] submit 확인 method=enter generating=False composer=0
[22:07:32] ⏱ 입력·전송 SRT_1665 4.2s · chars=334
[22:07:32] 제출 후 last_saved=https://www.genspark.ai/api/files/s/qbg5wumb
[22:07:32] ⏱ 생성대기 시작 SRT_1665 max=120s
[22:07:44] ⏱ 생성대기 완료 12.2s SRT_1665 https://www.genspark.ai/api/files/s/perppnmu
[22:07:44] ⏱ 생성대기구간 SRT_1665 12.2s · ok=True
[22:07:44] SRT_1665 근접 이미지 https://www.genspark.ai/api/files/s/perppnmu
[22:07:44] 다운로드 files URL=https://www.genspark.ai/api/files/s/perppnmu → SRT_1665.png
[22:07:44] ⏱ 다운로드 직접실패 0.2s · 페이지 fetch 재시도: HTTP Error 403: Forbidden
[22:07:44] ⏱ 다운로드 fetch 0.1s size=515666 SRT_1665.png
[22:07:44] ⏱ 다운로드구간 SRT_1665 0.3s · SRT_1665.png
[22:07:46] ⏱ 다운로드후유휴 SRT_1665 1.5s · idle=True
[22:07:46] ⏱ 씬합계 SRT_1665 19.9s · https://www.genspark.ai/api/files/s/perppnmu
[22:07:46] SRT_1665 생성·다운로드 완료
C:\cursor\videt\무협극장\검신귀환록\1부\10장\png\SRT_1665.png
[22:07:46] run_scene 시작 SRT_1680 · seen_files=111 · last_saved=https://www.genspark.ai/api/files/s/perppnmu
[22:07:46] ⏱ 준비 SRT_1680 0.0s · chars=337
[22:07:48] ⏱ 다음명령유휴 SRT_1680 1.7s · idle=True
[22:07:48] fill OK follow=True chars=337 url=https://www.genspark.ai/agents?id=8ebed4c4-bb9d-4924-9d58-debb36797f85
[22:07:48] submit 시작 composer=337 url=https://www.genspark.ai/agents?id=8ebed4c4-bb9d-4924-9d58-debb36797f85
[22:07:49] submit geo=corner-live x=546 y=812
[22:07:49] submit 시도 method=geo geo=True
[22:07:49] submit 미확인 method=geo generating=False composer=337
[22:07:50] submit geo=corner-live x=546 y=812
[22:07:50] submit 시도 method=send send=True
[22:07:51] submit 미확인 method=send generating=False composer=337
[22:07:51] submit 시도 method=ctrl
[22:07:51] submit 미확인 method=ctrl generating=False composer=337
[22:07:51] submit 시도 method=enter
[22:07:52] submit 확인 method=enter generating=False composer=0
[22:07:52] ⏱ 입력·전송 SRT_1680 4.3s · chars=337
[22:07:52] 제출 후 last_saved=https://www.genspark.ai/api/files/s/perppnmu
[22:07:52] ⏱ 생성대기 시작 SRT_1680 max=120s
[22:08:07] ⏱ 생성대기 진행 15.0s SRT_1680 busy=False url_ok=False
[22:08:09] ⏱ 생성대기 완료 17.2s SRT_1680 https://www.genspark.ai/api/files/s/mm1ipat9
[22:08:09] ⏱ 생성대기구간 SRT_1680 17.2s · ok=True
[22:08:09] SRT_1680 근접 이미지 https://www.genspark.ai/api/files/s/mm1ipat9
[22:08:09] 다운로드 files URL=https://www.genspark.ai/api/files/s/mm1ipat9 → SRT_1680.png
[22:08:10] ⏱ 다운로드 직접실패 0.3s · 페이지 fetch 재시도: HTTP Error 403: Forbidden
[22:08:10] ⏱ 다운로드 fetch 0.1s size=767034 SRT_1680.png
[22:08:10] ⏱ 다운로드구간 SRT_1680 0.4s · SRT_1680.png
[22:08:11] ⏱ 다운로드후유휴 SRT_1680 1.4s · idle=True
[22:08:11] ⏱ 씬합계 SRT_1680 25.2s · https://www.genspark.ai/api/files/s/mm1ipat9
[22:08:11] SRT_1680 생성·다운로드 완료
C:\cursor\videt\무협극장\검신귀환록\1부\10장\png\SRT_1680.png
[22:08:11] run_scene 시작 SRT_1695 · seen_files=112 · last_saved=https://www.genspark.ai/api/files/s/mm1ipat9
[22:08:11] ⏱ 준비 SRT_1695 0.0s · chars=341
[22:08:13] ⏱ 다음명령유휴 SRT_1695 1.4s · idle=True
[22:08:13] fill OK follow=True chars=341 url=https://www.genspark.ai/agents?id=8ebed4c4-bb9d-4924-9d58-debb36797f85
[22:08:13] submit 시작 composer=341 url=https://www.genspark.ai/agents?id=8ebed4c4-bb9d-4924-9d58-debb36797f85
[22:08:14] submit geo=corner-live x=546 y=812
[22:08:14] submit 시도 method=geo geo=True
[22:08:14] submit 미확인 method=geo generating=False composer=341
[22:08:15] submit geo=corner-live x=546 y=812
[22:08:15] submit 시도 method=send send=True
[22:08:16] submit 미확인 method=send generating=False composer=341
[22:08:16] submit 시도 method=ctrl
[22:08:16] submit 미확인 method=ctrl generating=False composer=341
[22:08:16] submit 시도 method=enter
[22:08:17] submit 확인 method=enter generating=False composer=0
[22:08:17] ⏱ 입력·전송 SRT_1695 4.3s · chars=341
[22:08:17] 제출 후 last_saved=https://www.genspark.ai/api/files/s/mm1ipat9
[22:08:17] ⏱ 생성대기 시작 SRT_1695 max=120s
[22:08:31] ⏱ 생성대기 완료 14.2s SRT_1695 https://www.genspark.ai/api/files/s/rhd5og6h
[22:08:31] ⏱ 생성대기구간 SRT_1695 14.2s · ok=True
[22:08:31] SRT_1695 근접 이미지 https://www.genspark.ai/api/files/s/rhd5og6h
[22:08:31] 다운로드 files URL=https://www.genspark.ai/api/files/s/rhd5og6h → SRT_1695.png
[22:08:32] ⏱ 다운로드 직접실패 0.2s · 페이지 fetch 재시도: HTTP Error 403: Forbidden
[22:08:32] ⏱ 다운로드 fetch 0.1s size=793258 SRT_1695.png
[22:08:32] ⏱ 다운로드구간 SRT_1695 0.4s · SRT_1695.png
[22:08:33] ⏱ 다운로드후유휴 SRT_1695 1.7s · idle=True
[22:08:33] ⏱ 씬합계 SRT_1695 22.1s · https://www.genspark.ai/api/files/s/rhd5og6h
[22:08:33] SRT_1695 생성·다운로드 완료
C:\cursor\videt\무협극장\검신귀환록\1부\10장\png\SRT_1695.png
[22:08:34] run_scene 시작 SRT_1710 · seen_files=113 · last_saved=https://www.genspark.ai/api/files/s/rhd5og6h
[22:08:34] ⏱ 준비 SRT_1710 0.0s · chars=262
[22:08:35] ⏱ 다음명령유휴 SRT_1710 1.5s · idle=True
[22:08:36] fill OK follow=True chars=262 url=https://www.genspark.ai/agents?id=8ebed4c4-bb9d-4924-9d58-debb36797f85
[22:08:36] submit 시작 composer=262 url=https://www.genspark.ai/agents?id=8ebed4c4-bb9d-4924-9d58-debb36797f85
[22:08:36] submit geo=corner-live x=546 y=812
[22:08:36] submit 시도 method=geo geo=True
[22:08:37] submit 미확인 method=geo generating=False composer=262
[22:08:38] submit geo=corner-live x=546 y=812
[22:08:38] submit 시도 method=send send=True
[22:08:38] submit 미확인 method=send generating=False composer=262
[22:08:38] submit 시도 method=ctrl
[22:08:39] submit 미확인 method=ctrl generating=False composer=262
[22:08:39] submit 시도 method=enter
[22:08:39] submit 확인 method=enter generating=False composer=0
[22:08:39] ⏱ 입력·전송 SRT_1710 4.2s · chars=262
[22:08:39] 제출 후 last_saved=https://www.genspark.ai/api/files/s/rhd5og6h
[22:08:40] ⏱ 생성대기 시작 SRT_1710 max=120s
[22:08:54] ⏱ 생성대기 완료 14.7s SRT_1710 https://www.genspark.ai/api/files/s/h3st4965
[22:08:54] ⏱ 생성대기구간 SRT_1710 14.7s · ok=True
[22:08:54] SRT_1710 근접 이미지 https://www.genspark.ai/api/files/s/h3st4965
[22:08:54] 다운로드 files URL=https://www.genspark.ai/api/files/s/h3st4965 → SRT_1710.png
[22:08:55] ⏱ 다운로드 직접실패 0.3s · 페이지 fetch 재시도: HTTP Error 403: Forbidden
[22:08:55] ⏱ 다운로드 fetch 0.1s size=788056 SRT_1710.png
[22:08:55] ⏱ 다운로드구간 SRT_1710 0.4s · SRT_1710.png
[22:08:56] ⏱ 다운로드후유휴 SRT_1710 1.5s · idle=True
[22:08:56] ⏱ 씬합계 SRT_1710 22.6s · https://www.genspark.ai/api/files/s/h3st4965
[22:08:56] SRT_1710 생성·다운로드 완료
C:\cursor\videt\무협극장\검신귀환록\1부\10장\png\SRT_1710.png
[22:08:56] run_scene 시작 SRT_1713 · seen_files=114 · last_saved=https://www.genspark.ai/api/files/s/h3st4965
[22:08:56] ⏱ 준비 SRT_1713 0.0s · chars=235
[22:08:58] ⏱ 다음명령유휴 SRT_1713 1.7s · idle=True
[22:08:59] fill OK follow=True chars=235 url=https://www.genspark.ai/agents?id=8ebed4c4-bb9d-4924-9d58-debb36797f85
[22:08:59] submit 시작 composer=235 url=https://www.genspark.ai/agents?id=8ebed4c4-bb9d-4924-9d58-debb36797f85
[22:09:00] submit geo=corner-live x=546 y=812
[22:09:00] submit 시도 method=geo geo=True
[22:09:00] submit 미확인 method=geo generating=False composer=235
[22:09:01] submit geo=corner-live x=546 y=812
[22:09:01] submit 시도 method=send send=True
[22:09:02] submit 미확인 method=send generating=False composer=235
[22:09:02] submit 시도 method=ctrl
[22:09:02] submit 미확인 method=ctrl generating=False composer=235
[22:09:02] submit 시도 method=enter
[22:09:03] submit 확인 method=enter generating=False composer=0
[22:09:03] ⏱ 입력·전송 SRT_1713 4.9s · chars=235
[22:09:03] 제출 후 last_saved=https://www.genspark.ai/api/files/s/h3st4965
[22:09:03] ⏱ 생성대기 시작 SRT_1713 max=120s
[22:09:18] ⏱ 생성대기 완료 14.6s SRT_1713 https://www.genspark.ai/api/files/s/a8pih3j2
[22:09:18] ⏱ 생성대기구간 SRT_1713 14.6s · ok=True
[22:09:18] SRT_1713 근접 이미지 https://www.genspark.ai/api/files/s/a8pih3j2
[22:09:18] 다운로드 files URL=https://www.genspark.ai/api/files/s/a8pih3j2 → SRT_1713.png
[22:09:18] ⏱ 다운로드 직접실패 0.3s · 페이지 fetch 재시도: HTTP Error 403: Forbidden
[22:09:18] ⏱ 다운로드 fetch 0.1s size=813791 SRT_1713.png
[22:09:18] ⏱ 다운로드구간 SRT_1713 0.3s · SRT_1713.png
[22:09:20] ⏱ 다운로드후유휴 SRT_1713 1.5s · idle=True
[22:09:20] ⏱ 씬합계 SRT_1713 23.3s · https://www.genspark.ai/api/files/s/a8pih3j2
[22:09:20] SRT_1713 생성·다운로드 완료
C:\cursor\videt\무협극장\검신귀환록\1부\10장\png\SRT_1713.png
[22:11:50] 탭로그 ON — 브라우저 열기·생성 · 씬 1개 · reopen=True
[22:11:55] ChromeDebug 재시작 port=9242 user_data=C:\ChromeDebug_2_5
[22:12:00] 모델 이미 Pro: Nano Banana Pro
[22:12:00] 세션 준비 — login=OK model=Nano Banana Pro auto=True
[22:12:00] ensure_page cur_sc=10 prefer_sc=10 cur=https://www.genspark.ai/ai_image prefer=https://www.genspark.ai/ai_image
[22:12:02] fill OK(clip) follow=False chars=71881
[22:12:02] 입력창 붙여넣기 — 프롬프트 45379자 + SRT 26459자 = 합계 71881자
  prompt=C:/cursor/videt/2_5_sceneImage/md/image.검신회귀록.txt
  srt=C:\cursor\videt\무협극장\검신귀환록\1부\10장\mp3\new.srt
[22:12:03] ensure_page cur_sc=10 prefer_sc=10 cur=https://www.genspark.ai/ai_image prefer=https://www.genspark.ai/ai_image
[22:12:05] 동일 입력창에 명령 추가(미실행): ===== SRT [1470, 1485) =====
결과, 같은 결이었다. 그리고 그 겨울 첫날
새벽, 화산의 뒷산 어느 오래된 폐관지의 낮은
담장 아래에서 — 이대 제자 한 명의 시신이
조용히 발견되었다. 시신의 얼굴은 온화한
얼굴이었다. 눈이 부드러웠던 자. 자기 옆의

SRT_1470 이미지를 지금 실제로 생성. 이…
[22:12:05] run_scene 시작 SRT_1470 · seen_files=115 · last_saved=https://www.genspark.ai/api/files/s/a8pih3j2
[22:12:05] ensure_page cur_sc=10 prefer_sc=10 cur=https://www.genspark.ai/ai_image prefer=https://www.genspark.ai/ai_image
[22:12:05] 모델 선택 시작 현재=(없음)
[22:12:05] 모델 선택 결과 ok=False 칩=(없음) picked=
[22:12:05] ⏱ 준비 SRT_1470 0.1s · chars=343
[22:12:05] submit 시작 composer=72232 url=https://www.genspark.ai/ai_image
[22:12:06] submit geo=corner-live x=1082 y=478
[22:12:06] submit 시도 method=geo geo=True
[22:12:06] submit 미확인 method=geo generating=False composer=72232
[22:12:07] submit geo=corner-live x=1082 y=478
[22:12:07] submit 시도 method=send send=True
[22:12:08] submit 미확인 method=send generating=False composer=72232
[22:12:08] submit 시도 method=ctrl
[22:12:08] submit 미확인 method=ctrl generating=False composer=72232
[22:12:09] submit 시도 method=enter
[22:12:10] submit 확인 method=enter generating=False composer=0
[22:12:10] ⏱ 입력창전송 SRT_1470 4.4s
[22:12:10] 제출 후 last_saved=https://www.genspark.ai/api/files/s/a8pih3j2
[22:12:10] ⏱ 생성대기 시작 SRT_1470 max=120s
[22:12:25] ⏱ 생성대기 진행 15.3s SRT_1470 busy=False url_ok=False
[22:12:41] ⏱ 생성대기 진행 30.7s SRT_1470 busy=False url_ok=False
[22:12:50] ⏱ 생성대기 성공문구만(이미지없음) 39.7s SRT_1470 err_ui=False waited=12.2s
[22:12:50] ⏱ 생성대기구간 SRT_1470 39.7s · ok=False
[22:12:50] run_scene 실패(재시도 없음): 이미지는 없고 성공 문구만 있음 — 다음 씬으로 진행
[22:12:50] SRT_1470 실패 — 다음 씬 계속
이미지는 없고 성공 문구만 있음 — 다음 씬으로 진행
